animal_id,year_cap,year_birth,age,weight,bcsin,birthsite
90-2021-0-2177,2022,2021,1.5,77,13.5,ey
90-2021-0-2183,2022,2021,1.5,90,15.25,ey
270-2020-1-2011,2022,2020,2.5,92,68.5,dmp
270-2021-0-2169,2022,2021,1.5,94,29.625,wy
270-2021-1-2126,2022,2021,1.5,95,36.375,dmp
270-2021-1-2130,2022,2021,1.5,95,27,dmp
90-2021-0-2178,2022,2021,1.5,95,NA,ey
90-2021-0-2187,2022,2021,1.5,96,19,ey
90-2021-0-2179,2022,2021,1.5,97,35.25,ey
90-2021-0-2188,2022,2021,1.5,99,27.25,ey
90-2021-0-2189,2022,2021,1.5,99,20.875,ey
90-2021-0-2176,2022,2021,1.5,100,48.25,ey
90-2021-0-2190,2022,2021,1.5,101,46.125,ey
90-2021-0-2182,2022,2021,1.5,103,35.5,ey
90-2020-0-2092,2022,2020,2.5,104,55.125,ey
90-2021-0-2181,2022,2021,1.5,105,31.375,ey
90-2021-0-2180,2022,2021,1.5,106,40.75,ey
90-2021-0-2186,2022,2021,1.5,110,26.375,ey
90-2020-0-2081,2022,2020,2.5,115,67.25,ey
270-2019-0-944,2022,2019,3.5,116,102,wy
270-2020-0-2095,2022,2020,2.5,117,84.125,wy
270-2020-1-2041,2022,2020,2.5,121,NA,dmp
90-2020-0-2082,2022,2020,2.5,124,85.25,ey
270-2020-1-2001,2022,2020,2.5,126,84,dmp
270-2019-1-932,2022,2019,3.5,129,109.5,dmp
90-2020-0-2091,2022,2020,2.5,129,87,ey
270-2018-1-817,2022,2018,4.5,130,129.25,dmp
270-2020-1-2020,2022,2020,2.5,130,108.125,dmp
90-2020-0-2078,2022,2020,2.5,130,94.5,ey
270-2018-1-822,2022,2018,4.5,131,139.625,dmp
270-2019-1-924,2022,2019,3.5,131,114.875,dmp
270-2020-1-2040,2022,2020,2.5,131,81.25,dmp
270-2019-1-917,2022,2019,3.5,132,96.5,dmp
270-2019-1-929,2022,2019,3.5,132,113,dmp
90-2020-0-2086,2022,2020,2.5,132,83.5,ey
270-2017-1-703,2022,2017,5.5,133,125.125,dmp
270-2019-1-920,2022,2019,3.5,135,98.375,dmp
270-2019-1-940,2022,2019,3.5,135,112.125,dmp
270-2020-1-2009,2022,2020,2.5,137,121.25,dmp
90-2019-0-976,2022,2019,3.5,138,98.375,ey
90-2020-0-2076,2022,2020,2.5,138,109,ey
90-2020-0-2079,2022,2020,2.5,138,97.75,ey
270-2010-1-038,2022,2010,12.5,139,104.75,dmp
270-2017-1-722,2022,2017,5.5,140,165.5,dmp
270-2019-0-945,2022,2019,3.5,142,141.75,wy
90-2019-0-986,2022,2019,3.5,142,97,ey
90-2020-0-2084,2022,2020,2.5,143,112.5,ey
270-2019-1-908,2022,2019,3.5,144,100.375,dmp
270-2019-1-923,2022,2019,3.5,144,120.875,dmp
270-2019-1-933,2022,2019,3.5,144,143.875,dmp
270-2020-1-2039,2022,2020,2.5,144,107.125,dmp
90-2019-0-979,2022,2019,3.5,144,121.375,ey
90-2019-0-981,2022,2019,3.5,144,112.375,ey
270-2017-1-711,2022,2017,5.5,145,156.5,dmp
270-2019-0-943,2022,2019,3.5,145,91.25,wy
270-2020-1-2027,2022,2020,2.5,145,100.125,dmp
270-2019-1-927,2022,2019,3.5,148,145,dmp
270-2019-1-905,2022,2019,3.5,149,89.25,dmp
90-2020-0-2080,2022,2020,2.5,149,80.125,ey
90-2018-0-860,2022,2018,4.5,151,121.625,ey
90-2019-0-983,2022,2019,3.5,153,106.875,ey
90-2018-0-858,2022,2018,4.5,155,159.275,ey
270-2018-1-805,2022,2018,4.5,156,147.75,dmp
270-2020-1-2034,2022,2020,2.5,156,107.25,dmp
270-2014-1-403,2022,2014,8.5,157,172.375,dmp
90-2018-0-861,2022,2018,4.5,157,121.625,ey
270-2017-0-749,2022,2017,5.5,158,149,wy
270-2010-1-019,2022,2010,12.5,159,138.375,dmp
270-2013-1-210,2022,2013,9.5,159,183.875,dmp
270-2018-1-802,2022,2018,4.5,159,133.125,dmp
270-2019-0-966,2022,2019,3.5,159,128.25,wy
270-2013-0-271,2022,2013,9.5,160,139.75,wy
270-2013-1-239,2022,2013,9.5,160,146.375,dmp
270-2018-0-862,2022,2018,4.5,160,137.375,wy
90-2019-0-987,2022,2019,3.5,161,106.375,ey
270-2015-0-551,2022,2015,7.5,162,156.75,wy
270-2011-1-246,2022,2011,11.5,163,123.875,dmp
270-2018-1-832,2022,2018,4.5,163,204,dmp
270-2016-1-632,2022,2016,6.5,164,170.625,dmp
270-2017-1-717,2022,2017,5.5,164,163.5,dmp
270-2016-0-677,2022,2016,6.5,165,169.875,wy
270-2019-1-909,2022,2019,3.5,166,130.625,dmp
270-2014-0-450,2022,2014,8.5,167,127.125,wy
270-2014-1-422,2022,2014,8.5,167,129,dmp
90-2019-0-975,2022,2019,3.5,167,134,ey
270-2013-0-267,2022,2013,9.5,168,163.625,wy
270-2015-0-549,2022,2015,7.5,168,132.25,wy
270-2018-1-808,2022,2018,4.5,168,153.625,dmp
90-2019-0-982,2022,2019,3.5,169,119.625,ey
270-2011-1-215,2022,2011,11.5,170,129.75,dmp
270-2015-1-508,2022,2015,7.5,170,169.125,dmp
270-2015-1-516,2022,2015,7.5,170,135.375,dmp
270-2016-1-642,2022,2016,6.5,170,177.25,dmp
270-2017-1-719,2022,2017,5.5,172,173.25,dmp
270-2018-1-835,2022,2018,4.5,172,122.75,dmp
270-2016-0-653,2022,2016,6.5,173,124.75,wy
270-2016-1-622,2022,2016,6.5,173,170.125,dmp
270-2018-1-815,2022,2018,4.5,173,170.875,dmp
270-2016-0-651,2022,2016,6.5,175,154.25,wy
90-2019-0-985,2022,2019,3.5,175,112.75,ey
270-2017-0-748,2022,2017,5.5,176,150.125,wy
90-2010-0-106,2022,2010,12.5,176,140.875,ey
90-2016-0-664,2022,2016,6.5,176,123.125,ey
270-2011-0-341,2022,2011,12.5,176,149.25,wy
270-2017-0-747,2022,2017,5.5,177,154.5,wy
270-2014-1-407,2022,2014,8.5,178,178.875,dmp
90-2015-0-568,2022,2015,7.5,178,171.375,ey
90-2017-0-780,2022,2017,5.5,178,136.75,ey
270-2015-1-518,2022,2015,7.5,179,159.875,dmp
270-2016-0-648,2022,2016,6.5,179,165.25,wy
270-2018-0-864,2022,2018,4.5,180,157.75,wy
270-2011-0-335,2022,2011,11.5,181,127.875,wy
90-2018-0-859,2022,2018,4.5,182,139.125,ey
270-2011-0-336,2022,2011,11.5,183,153.75,wy
270-2012-0-342,2022,2012,10.5,183,189.75,wy
270-2013-0-260,2022,2013,9.5,183,161,wy
270-2014-1-411,2022,2014,8.5,183,190.375,dmp
270-2016-1-643,2022,2016,6.5,183,202.75,dmp
90-2014-0-466,2022,2014,8.5,183,165.5,ey
270-2011-1-213,2022,2011,11.5,184,182.5,dmp
270-2015-0-557,2022,2015,7.5,185,109.625,wy
90-2016-0-665,2022,2016,6.5,185,145,ey
270-2016-0-650,2022,2016,6.5,186,152.625,wy
90-2019-0-978,2022,2019,3.5,186,136.5,ey
270-2011-1-333,2022,2011,11.5,187,68.75,dmp
270-2012-0-341,2022,2012,10.5,187,117.375,wy
270-2017-0-745,2022,2017,5.5,187,102.25,wy
270-2012-0-340,2022,2012,10.5,188,NA,wy
270-2012-1-262,2022,2012,10.5,188,153.875,dmp
270-2014-1-414,2022,2014,8.5,188,149.5,dmp
270-2016-1-606,2022,2016,6.5,188,168.875,dmp
90-2014-0-469,2022,2014,8.5,188,128.25,ey
90-2019-0-977,2022,2019,3.5,188,138.5,ey
270-2012-1-230,2022,2012,10.5,188,165.125,dmp
90-2010-0-102,2022,2010,12.5,188,127.5,ey
270-2014-0-453,2022,2014,8.5,189,124.25,wy
90-2016-0-666,2022,2016,6.5,189,173.5,ey
90-2017-0-778,2022,2017,5.5,189,121.875,ey
90-2017-0-786,2022,2017,5.5,189,159.25,ey
90-2018-0-852,2022,2018,4.5,189,146.875,ey
270-2011-1-260,2022,2011,11.5,190,95.375,dmp
270-2012-1-266,2022,2012,10.5,190,128.375,dmp
90-2013-0-291,2022,2013,9.5,190,138.875,ey
270-2013-1-256,2022,2013,9.5,191,130.875,dmp
270-2012-0-337,2022,2012,10.5,192,172.75,wy
270-2015-0-586,2022,2015,7.5,193,168.125,wy
90-2017-0-777,2022,2017,5.5,193,133.625,ey
270-2015-0-552,2022,2015,7.5,194,104.25,wy
270-2016-1-615,2022,2016,6.5,194,173.375,dmp
90-2010-0-113,2022,2010,12.5,194,173.25,ey
90-2017-0-776,2022,2017,5.5,194,162.875,ey
270-2016-1-607,2022,2016,6.5,195,174,dmp
90-2013-0-284,2022,2013,9.5,195,153.75,ey
270-2016-0-676,2022,2016,6.5,196,157.625,wy
90-2012-0-328,2022,2012,10.5,196,156.75,ey
90-2015-0-564,2022,2015,7.5,196,151.5,ey
90-2015-0-578,2022,2015,7.5,196,158.125,ey
270-2015-0-553,2022,2015,7.5,197,145.875,wy
90-2018-0-853,2022,2018,4.5,197,130,ey
90-2017-0-782,2022,2017,5.5,198,152.25,ey
90-2017-0-787,2022,2017,5.5,200,138.25,ey
90-2017-0-784,2022,2017,5.5,201,127.375,ey
90-2014-0-456,2022,2014,8.5,202,170,ey
270-2012-0-344,2022,2012,10.5,202,207.125,wy
270-2012-1-263,2022,2012,10.5,203,137.75,dmp
90-2016-0-659,2022,2016,6.5,204,148.5,ey
270-2014-0-444,2022,2014,8.5,205,169.5,wy
270-2016-0-654,2022,2016,6.5,205,146.5,wy
90-2017-0-781,2022,2017,5.5,205,190.5,ey
270-2014-0-451,2022,2014,8.5,206,141,wy
270-2011-1-242,2022,2011,11.5,206,152.25,dmp
270-2014-0-455,2022,2014,8.5,207,120.875,wy
90-2016-0-661,2022,2016,6.5,208,134.5,ey
270-2014-0-452,2022,2014,8.5,209,127.375,wy
90-2015-0-562,2022,2015,7.5,209,148.75,ey
90-2011-0-362,2022,2011,11.5,210,105.375,ey
90-2015-0-571,2022,2015,7.5,210,94.25,ey
270-2015-1-524,2022,2015,7.5,211,148.125,dmp
90-2012-0-346,2022,2012,10.5,213,184.375,ey
90-2013-0-278,2022,2013,9.5,214,139.375,ey
90-2016-0-667,2022,2016,6.5,214,162.375,ey
90-2018-0-857,2022,2018,4.5,214,133.875,ey
90-2016-0-671,2022,2016,6.5,215,145.75,ey
90-2013-0-280,2022,2013,9.5,217,135.375,ey
90-2016-0-658,2022,2016,6.5,217,155.5,ey
90-2017-0-783,2022,2017,5.5,217,143.625,ey
90-2014-0-458,2022,2014,8.5,218,157.375,ey
90-2016-0-672,2022,2016,6.5,218,171.125,ey
90-2018-0-855,2022,2018,4.5,220,153.25,ey
90-2015-0-580,2022,2015,7.5,223,173,ey
90-2017-0-779,2022,2017,5.5,223,124.625,ey
90-2014-0-462,2022,2014,8.5,224,203.25,ey
270-2012-1-229,2022,2012,10.5,229,157.5,dmp
270-2020-1-2028,2022,2020,2.5,NA,113.375,dmp
270-2019-1-923,2020,2019,1,87,NA,dmp
270-2018-1-835,2020,2018,2,128,NA,dmp
90-2017-0-785,2020,2017,3,149,NA,ey
270-2017-1-722,2020,2017,3,112,NA,dmp
270-2018-1-805,2020,2018,2,119,NA,dmp
90-2016-0-659,2020,2016,4,177,NA,ey
90-2019-0-977,2020,2019,1,132,NA,ey
270-2011-1-269,2021,2011,10,182,NA,dmp
270-2012-0-337,2014,2012,2,143,NA,wy
270-2019-1-923,2021,2019,2,122,NA,dmp
270-2019-1-929,2021,2019,2,112,NA,dmp
270-2020-1-2027,2021,2020,1,104,NA,dmp
270-2020-1-2041,2021,2020,1,85,NA,dmp
90-2007-0-049,2016,2007,9,206,NA,ey
90-2008-0-040,2014,2008,6,227,NA,ey
90-2015-0-562,2021,2015,6,229,NA,ey
90-2020-0-2090,2021,2020,1,102,NA,ey
90-2020-0-2092,2021,2020,1,80,12.75,ey
270-2015-1-516,2016,2015,1,90,13.875,dmp
90-2008-0-039,2009,2008,1,116,15.5,ey
270-2015-1-508,2016,2015,1,89,16,dmp
270-2019-0-946,2020,2019,1,109,16.5,wy
270-2013-0-267,2014,2013,1,94,16.375,wy
90-2011-0-354,2012,2011,1,103,16.5,ey
90-2014-0-473,2015,2014,1,98,16.5,ey
270-2012-1-260,2013,2012,1,98,17.5,dmp
90-2007-0-039,2008,2007,1,119,17.375,ey
90-2020-0-2087,2021,2020,1,112,18.625,ey
270-2007-1-012,2008,2007,1,125,19.5,dmp
90-2007-0-024,2008,2007,1,127,19.875,ey
270-2007-1-057,2008,2007,1,95,20.125,dmp
90-2013-0-289,2014,2013,1,115,20.5,ey
270-2011-0-339,2012,2011,1,97,20.75,wy
270-2019-1-940,2020,2019,1,77,22.125,dmp
270-2020-1-2011,2021,2020,1,73,22.125,dmp
90-2020-0-2086,2021,2020,1,100,22,ey
270-2015-0-549,2016,2015,1,107,22.25,wy
90-2017-0-785,2018,2017,1,80,22.625,ey
90-2019-0-987,2020,2019,1,103,23.125,ey
270-2019-1-917,2020,2019,1,92,23.375,dmp
90-2012-0-326,2013,2012,1,102,23.25,ey
90-2007-0-031,2008,2007,1,130,23.5,ey
90-2020-0-2089,2021,2020,1,89,23.75,ey
270-2018-0-864,2019,2018,1,102,24.375,wy
90-2014-0-463,2015,2014,1,112,24.5,ey
270-2011-1-333,2012,2011,1,124,24.75,dmp
270-2010-1-025,2011,2010,1,110,25.125,dmp
270-2019-0-943,2020,2019,1,100,25,wy
90-2007-0-019,2008,2007,1,102,25.375,ey
270-2019-0-944,2020,2019,1,101,25.625,wy
90-2014-0-462,2015,2014,1,109,25.875,ey
270-2020-1-2034,2021,2020,1,111,26.5,dmp
270-2007-1-056,2008,2007,1,132,26.875,dmp
90-2013-0-281,2014,2013,1,103,26.625,ey
270-2019-1-909,2020,2019,1,106,27.5,dmp
270-2016-1-606,2017,2016,1,88,27.75,dmp
270-2011-0-337,2012,2011,1,112,28.125,wy
270-2014-0-446,2015,2014,1,109,28.5,wy
270-2016-1-607,2017,2016,1,88,28.375,dmp
90-2014-0-470,2015,2014,1,96,28.75,ey
270-2008-1-012,2009,2008,1,98,29.25,dmp
90-2019-0-978,2020,2019,1,119,29.25,ey
90-2011-0-369,2012,2011,1,130,29,ey
90-2015-0-568,2016,2015,1,107,29.125,ey
90-2016-0-669,2017,2016,1,105,29.25,ey
90-2020-0-2078,2021,2020,1,105,29.25,ey
90-2020-0-2081,2021,2020,1,87,29.25,ey
270-2011-1-269,2012,2011,1,118,29.75,dmp
270-2016-0-648,2017,2016,1,117,30,wy
90-2013-0-279,2014,2013,1,111,30,ey
270-2009-1-038,2010,2009,1,94,30.25,dmp
270-2015-1-522,2016,2015,1,111,30.25,dmp
270-2020-0-2095,2021,2020,1,82,30.5,wy
90-2014-0-457,2015,2014,1,120,30.125,ey
90-2020-0-2082,2021,2020,1,101,30.125,ey
270-2013-1-212,2014,2013,1,97,30.875,dmp
270-2016-0-675,2017,2016,1,95,30.625,wy
270-2012-0-335,2013,2012,1,97,31,wy
90-2007-0-016,2008,2007,1,111,31.25,ey
90-2019-0-981,2020,2019,1,101,31.625,ey
90-2007-0-038,2008,2007,1,119,31.625,ey
270-2013-0-260,2014,2013,1,110,31.75,wy
90-2018-0-857,2019,2018,1,126,32,ey
90-2018-0-861,2019,2018,1,108,31.75,ey
270-2016-0-653,2017,2016,1,96,32.125,wy
90-2009-0-056,2010,2009,1,105,32.125,ey
90-2013-0-278,2014,2013,1,118,32.125,ey
270-2019-1-920,2020,2019,1,103,33.25,dmp
270-2012-1-233,2013,2012,1,99,33.125,dmp
270-2016-0-652,2017,2016,1,102,33,wy
270-2016-1-634,2017,2016,1,88,33,dmp
270-2020-1-2028,2021,2020,1,102,33.25,dmp
90-2011-0-357,2012,2011,1,85,33,ey
90-2012-0-347,2013,2012,1,108,33.25,ey
90-2012-0-350,2013,2012,1,115,33.125,ey
90-2018-0-858,2019,2018,1,123,33,ey
270-2010-1-019,2011,2010,1,96,33.5,dmp
270-2011-0-345,2012,2011,1,119,33.375,wy
270-2013-1-227,2014,2013,1,94,33.375,dmp
270-2015-1-518,2016,2015,1,106,34,dmp
270-2007-1-006,2008,2007,1,125,34.125,dmp
270-2011-1-261,2012,2011,1,102,34.25,dmp
270-2012-0-153,2013,2012,1,107,34.375,wy
270-2014-1-416,2015,2014,1,NA,34.625,dmp
270-2009-1-011,2010,2009,1,114,35.125,dmp
270-2011-0-343,2012,2011,1,114,35.125,wy
270-2020-1-2001,2021,2020,1,98,35,dmp
90-2019-0-979,2020,2019,1,98,35.5,ey
270-2011-1-295,2012,2011,1,100,35.25,dmp
270-2012-1-265,2013,2012,1,125,35.25,dmp
270-2013-1-238,2014,2013,1,87,35.375,dmp
270-2016-0-673,2017,2016,1,86,35.375,wy
90-2011-0-355,2012,2011,1,119,35.375,ey
270-2013-0-270,2014,2013,1,113,36,wy
270-2014-0-453,2015,2014,1,100,35.75,wy
270-2017-1-707,2018,2017,1,90,35.75,dmp
90-2013-0-286,2014,2013,1,115,35.75,ey
270-2011-1-215,2012,2011,1,106,36.375,dmp
270-2019-1-907,2020,2019,1,104,36.25,dmp
270-2015-0-555,2016,2015,1,116,36.125,wy
90-2011-0-362,2012,2011,1,129,36.25,ey
90-2017-0-780,2018,2017,1,104,36.25,ey
270-2013-1-254,2014,2013,1,96,36.625,dmp
90-2007-0-040,2008,2007,1,151,36.75,ey
90-2010-0-101,2011,2010,1,97,36.5,ey
270-2010-1-001,2011,2010,1,90,36.875,dmp
270-2016-1-615,2017,2016,1,89,36.875,dmp
90-2016-0-667,2017,2016,1,101,37,ey
270-2008-1-019,2009,2008,1,115,37.5,dmp
270-2013-1-210,2014,2013,1,98,37.25,dmp
90-2017-0-778,2018,2017,1,91,37.5,ey
270-2011-1-248,2012,2011,1,108,37.625,dmp
90-2019-0-985,2020,2019,1,110,37.75,ey
270-2012-0-330,2013,2012,1,98,37.625,wy
270-2013-1-234,2014,2013,1,91,37.75,dmp
270-2013-0-265,2014,2013,1,108,38,wy
270-2010-1-028,2011,2010,1,121,38.625,dmp
270-2015-0-589,2016,2015,1,117,38.625,wy
90-2012-0-349,2013,2012,1,107,38.75,ey
90-2015-0-581,2016,2015,1,92,38.625,ey
90-2015-0-559,2016,2015,1,124,39.125,ey
270-2011-1-244,2012,2011,1,113,39.375,dmp
270-2016-1-632,2017,2016,1,96,39.25,dmp
270-2020-1-2020,2021,2020,1,96,39.375,dmp
90-2020-0-2076,2021,2020,1,106,39.25,ey
270-2015-0-557,2016,2015,1,97,39.75,wy
270-2016-1-608,2017,2016,1,97,39.875,dmp
270-2018-1-818,2019,2018,1,94,39.75,dmp
270-2008-1-018,2009,2008,1,99,40.125,dmp
270-2013-0-271,2020,2013,7,157,40.125,wy
270-2012-0-341,2013,2012,1,120,40,wy
270-2016-0-655,2017,2016,1,92,40.25,wy
90-2007-0-046,2008,2007,1,139,40.25,ey
270-2012-1-277,2013,2012,1,121,40.375,dmp
270-2017-0-748,2018,2017,1,95,40.5,wy
90-2014-0-466,2015,2014,1,105,40.5,ey
90-2015-0-572,2016,2015,1,109,40.375,ey
270-2011-0-338,2012,2011,1,108,40.75,wy
90-2019-0-986,2020,2019,1,93,40.75,ey
90-2011-0-351,2012,2011,1,118,41,ey
90-2014-0-458,2015,2014,1,117,41,ey
90-2017-0-777,2018,2017,1,94,41,ey
90-2019-0-984,2020,2019,1,107,41.375,ey
270-2013-0-266,2014,2013,1,110,41.5,wy
270-2013-1-231,2014,2013,1,102,41.5,dmp
270-2014-0-441,2015,2014,1,105,41.5,wy
270-2012-0-339,2013,2012,1,112,41.875,wy
270-2012-1-207,2013,2012,1,109,41.75,dmp
270-2016-0-676,2017,2016,1,97,41.625,wy
90-2015-0-574,2016,2015,1,103,41.75,ey
270-2014-1-403,2015,2014,1,87,42.25,dmp
270-2016-0-654,2017,2016,1,112,42.25,wy
270-2017-0-747,2018,2017,1,103,42.125,wy
90-2011-0-363,2012,2011,1,119,42,ey
90-2008-0-040,2009,2008,1,110,42.375,ey
90-2012-0-324,2013,2012,1,118,42.625,ey
90-2015-0-570,2016,2015,1,100,42.625,ey
90-2017-0-779,2018,2017,1,115,43,ey
90-2017-0-784,2018,2017,1,121,42.75,ey
270-2012-0-340,2013,2012,1,120,43.25,wy
270-2014-0-455,2015,2014,1,112,43.5,wy
90-2008-0-055,2009,2008,1,125,43.375,ey
90-2017-0-787,2018,2017,1,116,43.125,ey
270-2009-1-013,2010,2009,1,112,43.875,dmp
90-2016-0-659,2017,2016,1,110,43.875,ey
270-2012-0-332,2013,2012,1,107,44.25,wy
90-2007-0-048,2008,2007,1,140,44.25,ey
90-2011-0-365,2012,2011,1,102,44.25,ey
90-2016-0-664,2017,2016,1,96,44.125,ey
270-2014-1-438,2015,2014,1,101,44.625,dmp
270-2016-0-653,2019,2016,3,143,44.5,wy
90-2011-0-367,2012,2011,1,123,44.375,ey
270-2011-0-340,2012,2011,1,116,44.875,wy
270-2011-1-260,2012,2011,1,113,45,dmp
90-2009-0-063,2010,2009,1,122,44.875,ey
90-2012-0-321,2013,2012,1,117,44.875,ey
90-2014-0-468,2015,2014,1,103,45,ey
90-2018-0-853,2019,2018,1,123,45,ey
270-2008-1-011,2009,2008,1,99,45.75,dmp
270-2011-0-342,2012,2011,1,88,45.75,wy
270-2012-1-314,2013,2012,1,104,45.625,dmp
90-2017-0-782,2018,2017,1,119,45.625,ey
270-2010-1-014,2011,2010,1,104,46.125,dmp
270-2011-1-268,2012,2011,1,115,46,dmp
270-2014-0-451,2015,2014,1,112,46,wy
270-2017-0-744,2018,2017,1,82,46.125,wy
270-2018-1-802,2019,2018,1,103,45.875,dmp
90-2007-0-032,2008,2007,1,136,46,ey
90-2009-0-068,2010,2009,1,115,45.875,ey
90-2012-0-328,2013,2012,1,108,46.125,ey
90-2015-0-579,2016,2015,1,110,46,ey
90-2018-0-854,2019,2018,1,115,46.25,ey
270-2013-0-271,2014,2013,1,102,46.625,wy
270-2014-0-444,2015,2014,1,93,46.625,wy
270-2016-1-619,2017,2016,1,96,46.375,dmp
270-2020-1-2009,2021,2020,1,99,46.625,dmp
270-2010-1-023,2011,2010,1,94,47,dmp
270-2012-1-248,2013,2012,1,116,46.75,dmp
270-2013-1-256,2014,2013,1,107,46.875,dmp
270-2014-0-447,2015,2014,1,98,46.875,wy
270-2016-0-651,2017,2016,1,82,47,wy
90-2012-0-329,2013,2012,1,131,46.75,ey
90-2016-0-661,2017,2016,1,103,47,ey
90-2018-0-860,2019,2018,1,96,46.75,ey
90-2020-0-2091,2021,2020,1,104,47,ey
270-2012-0-334,2013,2012,1,127,47.25,wy
270-2014-1-407,2015,2014,1,89,47.125,dmp
270-2018-1-822,2019,2018,1,108,47.25,dmp
90-2009-0-064,2010,2009,1,126,47.125,ey
90-2015-0-576,2016,2015,1,115,47.25,ey
90-2016-0-658,2017,2016,1,116,47.25,ey
90-2020-0-2079,2021,2020,1,102,47.125,ey
270-2007-1-053,2008,2007,1,136,47.625,dmp
270-2011-1-242,2012,2011,1,121,47.75,dmp
90-2014-0-469,2015,2014,1,99,47.625,ey
270-2012-0-343,2013,2012,1,124,48.125,wy
270-2015-1-507,2016,2015,1,103,47.875,dmp
270-2018-1-815,2019,2018,1,116,47.875,dmp
90-2008-0-054,2009,2008,1,121,48,ey
90-2014-0-464,2015,2014,1,121,47.875,ey
90-2015-0-564,2016,2015,1,146,47.875,ey
270-2009-1-024,2010,2009,1,121,48.5,dmp
270-2012-0-337,2013,2012,1,106,48.5,wy
270-2012-0-345,2013,2012,1,110,48.375,wy
90-2014-0-456,2015,2014,1,106,48.5,ey
270-2011-1-250,2012,2011,1,125,48.875,dmp
90-2019-0-983,2020,2019,1,106,49,ey
270-2012-0-338,2013,2012,1,117,48.875,wy
270-2014-1-411,2015,2014,1,95,48.75,dmp
90-2012-0-348,2013,2012,1,126,48.625,ey
90-2013-0-275,2014,2013,1,102,49,ey
90-2015-0-562,2016,2015,1,107,49,ey
90-2018-0-851,2019,2018,1,119,48.625,ey
270-2008-1-022,2009,2008,1,108,49.25,dmp
90-2019-0-982,2020,2019,1,117,49.25,ey
90-2015-0-569,2016,2015,1,98,49.125,ey
90-2019-0-975,2020,2019,1,113,49.75,ey
90-2008-0-059,2009,2008,1,115,49.75,ey
90-2009-0-057,2010,2009,1,123,49.75,ey
90-2009-0-054,2010,2009,1,113,50,ey
90-2014-0-460,2015,2014,1,108,50,ey
270-2010-1-004,2011,2010,1,99,50.25,dmp
270-2010-1-039,2011,2010,1,104,50.5,dmp
90-2008-0-052,2009,2008,1,113,50.375,ey
90-2011-0-360,2012,2011,1,104,50.25,ey
90-2016-0-670,2017,2016,1,110,50.25,ey
90-2017-0-783,2018,2017,1,102,50.375,ey
270-2008-1-014,2009,2008,1,116,50.875,dmp
270-2009-1-002,2010,2009,1,124,50.875,dmp
270-2011-1-322,2012,2011,1,102,50.875,dmp
90-2008-0-056,2009,2008,1,116,50.75,ey
90-2011-0-368,2012,2011,1,114,50.875,ey
90-2013-0-288,2014,2013,1,111,50.75,ey
90-2014-0-474,2015,2014,1,106,50.625,ey
90-2020-0-2080,2021,2020,1,116,50.625,ey
270-2010-1-027,2011,2010,1,116,51.375,dmp
270-2012-1-263,2013,2012,1,127,51.125,dmp
270-2013-0-263,2015,2013,2,136,51.375,wy
270-2007-1-061,2008,2007,1,111,51.5,dmp
270-2012-0-344,2013,2012,1,109,51.75,wy
270-2015-0-553,2016,2015,1,116,51.5,wy
90-2011-0-357,2013,2011,2,128,51.625,ey
270-2008-1-008,2009,2008,1,89,52,dmp
270-2008-1-013,2009,2008,1,116,51.875,dmp
270-2016-1-622,2017,2016,1,79,52,dmp
90-2017-0-776,2018,2017,1,102,52.125,ey
270-2010-1-005,2011,2010,1,108,52.5,dmp
270-2012-1-278,2013,2012,1,119,52.5,dmp
270-2012-0-331,2013,2012,1,119,52.75,wy
270-2010-1-006,2011,2010,1,101,53,dmp
90-2018-0-859,2019,2018,1,123,53.25,ey
270-2007-1-058,2008,2007,1,122,53.5,dmp
270-2007-1-066,2008,2007,1,108,53.875,dmp
90-2008-0-032,2009,2008,1,125,54,ey
90-2009-0-059,2010,2009,1,123,53.875,ey
90-2014-0-459,2016,2014,2,140,54,ey
270-2007-1-011,2009,2007,2,165,54.25,dmp
270-2014-0-448,2015,2014,1,111,54.375,wy
90-2013-0-283,2014,2013,1,128,54.5,ey
90-2015-0-566,2016,2015,1,113,54.375,ey
270-2016-1-642,2017,2016,1,93,54.75,dmp
90-2008-0-041,2009,2008,1,111,55.5,ey
90-2014-0-473,2016,2014,2,118,55.5,ey
270-2017-1-717,2018,2017,1,97,56,dmp
270-2018-0-862,2019,2018,1,102,55.875,wy
270-2018-1-805,2019,2018,1,92,56,dmp
90-2013-0-292,2014,2013,1,103,56,ey
270-2010-1-009,2011,2010,1,101,56.625,dmp
270-2019-1-927,2020,2019,1,98,56.75,dmp
270-2018-1-832,2019,2018,1,106,56.75,dmp
90-2011-0-358,2012,2011,1,119,56.625,ey
270-2013-1-239,2014,2013,1,100,57.125,dmp
270-2014-0-454,2015,2014,1,110,57.125,wy
90-2009-0-066,2010,2009,1,137,57.125,ey
90-2013-0-287,2014,2013,1,110,57,ey
270-2012-1-224,2013,2012,1,124,57.375,dmp
270-2015-0-583,2016,2015,1,101,57.375,wy
90-2007-0-036,2008,2007,1,150,57.375,ey
90-2008-0-042,2009,2008,1,121,57.5,ey
90-2019-0-976,2021,2019,2,112,57.375,ey
270-2013-1-204,2014,2013,1,110,58,dmp
270-2015-0-551,2016,2015,1,100,57.875,wy
90-2016-0-666,2017,2016,1,111,57.75,ey
270-2009-1-009,2010,2009,1,119,58.375,dmp
270-2017-0-745,2019,2017,2,144,58.25,wy
270-2012-0-333,2013,2012,1,115,58.5,wy
270-2010-1-038,2011,2010,1,105,59,dmp
270-2012-1-237,2013,2012,1,105,59,dmp
270-2019-1-917,2021,2019,2,117,58.875,dmp
90-2011-0-352,2012,2011,1,99,59.125,ey
90-2013-0-278,2015,2013,2,150,59.25,ey
90-2015-0-571,2017,2015,2,129,59.125,ey
270-2013-0-272,2014,2013,1,120,59.5,wy
90-2015-0-563,2016,2015,1,116,59.5,ey
90-2020-0-2084,2021,2020,1,109,59.375,ey
90-2009-0-058,2010,2009,1,126,59.875,ey
270-2010-1-003,2011,2010,1,102,60.125,dmp
270-2010-1-086,2011,2010,1,108,60.25,dmp
90-2008-0-057,2009,2008,1,121,60.125,ey
90-2010-0-103,2011,2010,1,104,60.375,ey
270-2015-0-549,2017,2015,2,130,60.625,wy
270-2009-1-033,2010,2009,1,112,61.5,dmp
270-2013-1-205,2014,2013,1,116,61.25,dmp
90-2008-0-034,2009,2008,1,132,61.25,ey
270-2013-0-261,2014,2013,1,108,61.875,wy
90-2008-0-037,2009,2008,1,129,62,ey
90-2010-0-114,2011,2010,1,107,61.625,ey
270-2010-1-013,2011,2010,1,109,62.125,dmp
270-2012-0-342,2013,2012,1,106,62.375,wy
270-2012-1-231,2013,2012,1,126,62.25,dmp
270-2013-0-268,2014,2013,1,126,62.375,wy
90-2010-0-113,2011,2010,1,107,62.375,ey
90-2012-0-346,2013,2012,1,121,62.25,ey
90-2019-0-980,2020,2019,1,104,62.75,ey
270-2019-1-905,2021,2019,2,137,62.625,dmp
90-2011-0-356,2012,2011,1,116,62.75,ey
90-2012-0-319,2013,2012,1,115,62.75,ey
90-2014-0-465,2015,2014,1,109,62.5,ey
270-2012-1-236,2013,2012,1,119,63.125,dmp
90-2014-0-470,2016,2014,2,112,63.875,ey
270-2011-0-344,2012,2011,1,116,64.125,wy
270-2017-1-703,2019,2017,2,102,64,dmp
270-2019-0-943,2021,2019,2,136,64,wy
90-2009-0-067,2010,2009,1,132,64,ey
270-2007-1-051,2008,2007,1,134,64.375,dmp
270-2014-0-450,2016,2014,2,117,64.5,wy
90-2013-0-280,2014,2013,1,138,64.375,ey
90-2018-0-852,2019,2018,1,115,64.75,ey
270-2008-1-017,2009,2008,1,119,65,dmp
270-2015-1-524,2017,2015,2,121,65.375,dmp
90-2012-0-001,2014,2012,2,133,65.5,ey
270-2009-1-010,2010,2009,1,123,65.75,dmp
270-2013-0-264,2015,2013,2,134,65.75,wy
270-2014-0-443,2015,2014,1,109,65.875,wy
90-2008-0-033,2009,2008,1,114,65.75,ey
90-2013-0-276,2014,2013,1,130,65.75,ey
270-2016-1-613,2017,2016,1,97,66.5,dmp
270-2016-0-653,2018,2016,2,121,67.875,wy
270-2007-1-001,2008,2007,1,131,68,dmp
270-2009-1-021,2010,2009,1,126,68.25,dmp
270-2012-1-229,2013,2012,1,122,68.25,dmp
270-2015-0-552,2017,2015,2,134,68.125,wy
270-2007-1-007,2008,2007,1,147,68.5,dmp
90-2018-0-860,2020,2018,2,115,68.5,ey
90-2016-0-662,2017,2016,1,102,68.75,ey
270-2013-1-216,2014,2013,1,132,69.375,dmp
270-2015-1-510,2017,2015,2,144,69.125,dmp
270-2017-0-749,2018,2017,1,87,69.375,wy
90-2013-0-289,2015,2013,2,153,69.25,ey
270-2012-0-335,2014,2012,2,137,69.625,wy
270-2014-0-452,2016,2014,2,127,69.5,wy
90-2007-0-024,2009,2007,2,155,69.875,ey
90-2009-0-051,2010,2009,1,125,70.25,ey
90-2010-0-111,2011,2010,1,102,70.125,ey
270-2012-1-233,2014,2012,2,131,70.375,dmp
270-2016-1-618,2017,2016,1,98,70.375,dmp
270-2018-0-863,2019,2018,1,102,70.375,wy
270-2011-0-339,2013,2011,2,140,71,wy
90-2013-0-274,2014,2013,1,126,70.875,ey
270-2017-1-719,2018,2017,1,96,71.375,dmp
90-2009-0-060,2010,2009,1,135,71.25,ey
90-2009-0-069,2010,2009,1,117,71.125,ey
270-2013-0-265,2015,2013,2,131,71.5,wy
270-2019-1-908,2021,2019,2,127,71.625,dmp
90-2011-0-355,2013,2011,2,156,71.75,ey
270-2008-1-006,2009,2008,1,110,71.875,dmp
270-2015-0-586,2016,2015,1,105,72,wy
90-2011-0-357,2014,2011,3,139,72,ey
90-2011-0-362,2013,2011,2,173,72.25,ey
90-2013-0-282,2014,2013,1,130,72.625,ey
90-2019-0-986,2021,2019,2,118,72.25,ey
270-2014-1-422,2016,2014,2,124,73,dmp
270-2013-1-238,2015,2013,2,95,73.25,dmp
270-2015-0-557,2017,2015,2,128,73.25,wy
90-2007-0-029,2008,2007,1,150,73.25,ey
90-2011-0-354,2013,2011,2,146,73.375,ey
90-2015-0-570,2017,2015,2,124,73.375,ey
90-2016-0-663,2018,2016,2,145,73.75,ey
270-2011-1-247,2012,2011,1,102,73.875,dmp
90-2015-0-559,2017,2015,2,143,74,ey
270-2014-1-410,2016,2014,2,111,74.375,dmp
270-2016-1-606,2018,2016,2,124,74.5,dmp
90-2010-0-108,2011,2010,1,129,74.5,ey
90-2015-0-578,2016,2015,1,99,74.625,ey
270-2018-1-817,2020,2018,2,105,75.5,dmp
90-2019-0-987,2021,2019,2,142,76,ey
270-2014-1-414,2016,2014,2,128,76.25,dmp
90-2016-0-661,2018,2016,2,129,76.625,ey
90-2018-0-855,2019,2018,1,126,76.75,ey
90-2017-0-784,2019,2017,2,145,77,ey
90-2017-0-786,2018,2017,1,97,77.125,ey
270-2011-1-215,2013,2011,2,149,77.625,dmp
90-2018-0-856,2020,2018,2,160,77.375,ey
270-2013-0-258,2015,2013,2,121,77.75,wy
270-2014-0-449,2015,2014,1,127,77.5,wy
270-2015-1-516,2017,2015,2,115,77.875,dmp
90-2010-0-115,2012,2010,2,163,77.875,ey
270-2019-0-944,2021,2019,2,132,78.375,wy
90-2009-0-057,2011,2009,2,148,78.75,ey
90-2009-0-064,2011,2009,2,139,78.625,ey
90-2012-0-326,2014,2012,2,137,78.875,ey
90-2015-0-580,2017,2015,2,116,78.875,ey
90-2017-0-777,2019,2017,2,150,78.625,ey
270-2019-1-924,2021,2019,2,117,79,dmp
270-2009-1-023,2010,2009,1,91,79.625,dmp
90-2014-0-469,2016,2014,2,123,79.5,ey
90-2017-0-785,2019,2017,2,123,79.375,ey
270-2019-1-940,2021,2019,2,113,80,dmp
90-2007-0-016,2009,2007,2,140,79.875,ey
90-2007-0-040,2009,2007,2,143,80,ey
90-2009-0-062,2010,2009,1,123,79.875,ey
270-2015-1-508,2017,2015,2,116,80.125,dmp
90-2007-0-039,2009,2007,2,152,80.125,ey
90-2014-0-463,2016,2014,2,139,80.5,ey
270-2017-0-745,2020,2017,3,168,80.875,wy
90-2007-0-031,2009,2007,2,156,80.75,ey
270-2007-1-057,2009,2007,2,131,81.125,dmp
90-2010-0-110,2011,2010,1,123,81,ey
270-2014-0-451,2016,2014,2,129,81.5,wy
270-2019-1-932,2021,2019,2,115,81.625,dmp
90-2013-0-279,2015,2013,2,136,81.625,ey
90-2016-0-659,2018,2016,2,129,81.5,ey
270-2012-0-341,2014,2012,2,150,82,wy
90-2018-0-861,2020,2018,2,131,81.75,ey
90-2011-0-357,2015,2011,4,129,82,ey
90-2019-0-983,2021,2019,2,136,81.875,ey
270-2013-1-234,2015,2013,2,107,82.375,dmp
90-2011-0-363,2013,2011,2,149,82.375,ey
90-2016-0-667,2018,2016,2,142,82.25,ey
90-2017-0-778,2019,2017,2,127,82.375,ey
270-2011-0-345,2013,2011,2,175,82.75,wy
90-2013-0-290,2016,2013,3,151,82.625,ey
90-2014-0-459,2017,2014,3,165,82.625,ey
90-2015-0-581,2017,2015,2,131,82.5,ey
270-2009-1-020,2010,2009,1,126,83.25,dmp
90-2018-0-854,2020,2018,2,138,83,ey
270-2015-0-549,2018,2015,3,145,83,wy
90-2009-0-068,2011,2009,2,136,83.125,ey
90-2011-0-365,2013,2011,2,132,83,ey
90-2013-0-275,2015,2013,2,131,83.125,ey
90-2016-0-670,2018,2016,2,130,82.875,ey
270-2011-1-333,2013,2011,2,172,84,dmp
270-2013-0-269,2015,2013,2,148,83.875,wy
270-2016-0-677,2018,2016,2,115,84,wy
90-2011-0-357,2016,2011,5,128,84,ey
90-2015-0-574,2017,2015,2,124,83.75,ey
270-2010-1-010,2011,2010,1,111,84.375,dmp
270-2011-0-337,2013,2011,2,153,84.375,wy
270-2017-0-747,2020,2017,3,154,84.125,wy
90-2013-0-286,2015,2013,2,144,84.125,ey
90-2014-0-468,2016,2014,2,130,84.375,ey
90-2015-0-571,2018,2015,3,174,84.25,ey
90-2011-0-370,2013,2011,2,168,84.5,ey
90-2007-0-038,2010,2007,3,189,85,ey
90-2016-0-666,2018,2016,2,139,84.875,ey
90-2017-0-779,2019,2017,2,155,85.125,ey
270-2013-1-246,2014,2013,1,122,85.625,dmp
270-2014-1-438,2016,2014,2,141,85.375,dmp
90-2008-0-041,2010,2008,2,160,85.5,ey
270-2010-1-007,2012,2010,2,142,85.875,dmp
270-2015-1-518,2017,2015,2,143,86,dmp
90-2010-0-106,2012,2010,2,124,85.875,ey
270-2012-1-314,2014,2012,2,148,86.125,dmp
270-2014-0-455,2016,2014,2,139,86.125,wy
90-2008-0-058,2010,2008,2,160,86.25,ey
90-2009-0-063,2011,2009,2,142,86.125,ey
90-2019-0-979,2021,2019,2,128,86.25,ey
270-2013-0-264,2016,2013,3,155,86.75,wy
270-2017-1-711,2019,2017,2,120,86.75,dmp
270-2010-1-038,2021,2010,11,163,87.125,dmp
270-2018-1-818,2020,2018,2,119,86.875,dmp
90-2012-0-347,2014,2012,2,139,86.875,ey
90-2015-0-577,2017,2015,2,136,86.875,ey
90-2016-0-658,2018,2016,2,158,87,ey
270-2007-1-006,2009,2007,2,161,87.25,dmp
270-2012-1-260,2014,2012,2,126,87.25,dmp
270-2013-0-263,2016,2013,3,129,87.375,wy
90-2018-0-857,2020,2018,2,156,87.25,ey
270-2015-0-547,2017,2015,2,134,87.375,wy
270-2015-1-522,2017,2015,2,139,87.25,dmp
90-2012-0-350,2014,2012,2,152,87.25,ey
270-2016-0-654,2018,2016,2,150,87.75,wy
90-2009-0-052,2011,2009,2,175,87.625,ey
90-2009-0-059,2011,2009,2,141,87.75,ey
90-2015-0-570,2018,2015,3,154,87.625,ey
90-2019-0-985,2021,2019,2,159,87.875,ey
270-2012-1-263,2014,2012,2,159,88.375,dmp
270-2013-0-271,2015,2013,2,133,88.125,wy
90-2008-0-055,2010,2008,2,163,88.125,ey
90-2018-0-859,2020,2018,2,159,88.625,ey
270-2019-1-920,2021,2019,2,145,88.75,dmp
270-2007-1-053,2009,2007,2,168,88.875,dmp
270-2018-1-824,2020,2018,2,121,89.125,dmp
270-2017-1-703,2020,2017,3,126,89,dmp
270-2011-0-339,2014,2011,3,162,89.375,wy
270-2012-1-233,2015,2012,3,143,89.25,dmp
270-2014-0-450,2017,2014,3,130,89.5,wy
270-2015-0-555,2017,2015,2,143,89.25,wy
90-2009-0-067,2011,2009,2,157,89.25,ey
90-2019-0-981,2021,2019,2,125,89.25,ey
270-2011-1-246,2013,2011,2,129,89.75,dmp
270-2017-0-745,2021,2017,4,195,89.625,wy
90-2007-0-038,2011,2007,4,199,89.75,ey
90-2012-0-001,2016,2012,4,135,89.75,ey
90-2013-0-285,2015,2013,2,156,89.625,ey
270-2008-1-019,2010,2008,2,145,90,dmp
270-2009-1-038,2011,2009,2,112,90,dmp
270-2014-1-434,2016,2014,2,110,90,dmp
270-2015-0-557,2018,2015,3,138,90.125,wy
270-2016-1-603,2018,2016,2,138,90.25,dmp
270-2018-0-864,2020,2018,2,128,90.375,wy
270-2016-0-651,2018,2016,2,110,90.625,wy
90-2009-0-054,2011,2009,2,135,90.5,ey
90-2016-0-665,2018,2016,2,119,90.5,ey
270-2008-1-028,2010,2008,2,115,91.125,dmp
270-2010-1-038,2020,2010,10,172,91,dmp
270-2014-1-411,2016,2014,2,135,90.75,dmp
270-2015-1-516,2018,2015,3,136,91.125,dmp
270-2016-0-650,2018,2016,2,146,90.875,wy
90-2008-0-056,2010,2008,2,150,91,ey
90-2017-0-787,2019,2017,2,164,91,ey
270-2017-0-748,2019,2017,2,120,91.5,wy
90-2007-0-036,2009,2007,2,185,91.375,ey
90-2012-0-324,2014,2012,2,158,91.5,ey
270-2015-0-589,2017,2015,2,144,91.875,wy
90-2011-0-351,2013,2011,2,156,91.625,ey
90-2011-0-357,2017,2011,6,142,91.75,ey
270-2012-1-265,2014,2012,2,171,92,dmp
90-2016-0-669,2018,2016,2,134,92.25,ey
270-2012-0-338,2014,2012,2,163,92.625,wy
270-2013-1-210,2015,2013,2,112,92.375,dmp
270-2018-1-822,2020,2018,2,124,92.625,dmp
270-2016-1-619,2018,2016,2,133,92.388,dmp
270-2016-1-632,2018,2016,2,121,92.5,dmp
90-2010-0-107,2012,2010,2,151,92.5,ey
90-2012-0-321,2014,2012,2,154,92.375,ey
90-2012-0-325,2014,2012,2,162,92.625,ey
270-2015-0-552,2018,2015,3,152,92.75,wy
270-2016-1-608,2018,2016,2,137,92.75,dmp
90-2007-0-048,2009,2007,2,169,92.75,ey
90-2014-0-473,2017,2014,3,91,92.75,ey
270-2008-1-012,2010,2008,2,137,93.5,dmp
270-2011-0-336,2013,2011,2,160,93.25,wy
270-2013-1-256,2015,2013,2,147,93.375,dmp
270-2014-1-422,2017,2014,3,135,93.5,dmp
270-2016-1-615,2018,2016,2,130,93.25,dmp
90-2009-0-053,2011,2009,2,141,93.125,ey
90-2010-0-109,2012,2010,2,152,93.5,ey
90-2015-0-559,2018,2015,3,163,93.5,ey
90-2015-0-572,2017,2015,2,138,93.375,ey
90-2017-0-780,2019,2017,2,141,93.25,ey
270-2010-1-004,2012,2010,2,135,93.625,dmp
90-2018-0-852,2020,2018,2,142,94.125,ey
270-2010-1-019,2012,2010,2,134,94.375,dmp
270-2013-0-266,2015,2013,2,151,94.5,wy
270-2014-1-410,2017,2014,3,116,94.5,dmp
270-2017-0-747,2019,2017,2,146,94.65,wy
90-2008-0-040,2011,2008,3,175,94.5,ey
90-2019-0-982,2021,2019,2,151,94.375,ey
270-2009-1-021,2011,2009,2,135,95,dmp
270-2013-1-238,2017,2013,4,NA,94.875,dmp
270-2019-0-960,2021,2019,2,132,94.75,wy
90-2010-0-101,2012,2010,2,141,94.875,ey
90-2013-0-283,2015,2013,2,169,95,ey
90-2015-0-571,2019,2015,4,201,95,ey
270-2009-1-011,2011,2009,2,137,95.125,dmp
270-2011-1-250,2013,2011,2,167,95.375,dmp
90-2017-0-777,2020,2017,3,165,95.375,ey
270-2015-1-507,2017,2015,2,124,95.125,dmp
270-2016-0-673,2018,2016,2,105,95.375,wy
90-2011-0-363,2014,2011,3,185,95.25,ey
90-2016-0-664,2018,2016,2,119,95.375,ey
270-2018-1-802,2020,2018,2,140,95.75,dmp
270-2016-0-653,2020,2016,4,153,95.5,wy
90-2007-0-032,2009,2007,2,175,95.75,ey
90-2013-0-292,2015,2013,2,126,95.75,ey
90-2014-0-467,2016,2014,2,139,95.625,ey
270-2015-0-558,2017,2015,2,130,96,wy
270-2017-1-707,2019,2017,2,138,96.125,dmp
270-2019-1-909,2021,2019,2,135,96,dmp
90-2008-0-040,2010,2008,2,169,96.125,ey
90-2010-0-102,2012,2010,2,138,96.25,ey
90-2010-0-115,2013,2010,3,176,96.25,ey
90-2015-0-562,2017,2015,2,145,96.125,ey
270-2007-1-012,2009,2007,2,165,96.5,dmp
270-2016-0-648,2018,2016,2,153,96.625,wy
90-2008-0-054,2010,2008,2,171,96.375,ey
90-2019-0-978,2021,2019,2,161,96.625,ey
270-2009-1-012,2011,2009,2,155,96.75,dmp
270-2011-0-341,2014,2011,3,157,96.875,wy
90-2008-0-039,2011,2008,3,173,96.75,ey
90-2011-0-368,2013,2011,2,144,96.75,ey
90-2012-0-348,2014,2012,2,161,97,ey
90-2018-0-854,2021,2018,3,176,96.75,ey
270-2011-1-269,2013,2011,2,134,97.375,dmp
90-2015-0-571,2020,2015,5,214,97.125,ey
270-2018-0-862,2020,2018,2,126,97.125,wy
90-2014-0-458,2016,2014,2,143,97.125,ey
270-2009-1-002,2011,2009,2,149,97.75,dmp
270-2012-1-266,2014,2012,2,162,97.625,dmp
90-2017-0-778,2020,2017,3,148,97.75,ey
270-2007-1-066,2009,2007,2,136,98,dmp
90-2018-0-853,2020,2018,2,153,98,ey
270-2015-0-551,2017,2015,2,113,98,wy
90-2009-0-058,2011,2009,2,145,97.875,ey
90-2014-0-466,2016,2014,2,119,98,ey
270-2011-1-248,2013,2011,2,140,99,dmp
270-2012-0-332,2014,2012,2,148,98.875,wy
270-2014-0-448,2016,2014,2,140,98.75,wy
90-2017-0-784,2020,2017,3,188,98.625,ey
90-2008-0-052,2010,2008,2,154,99,ey
90-2011-0-355,2014,2011,3,177,98.625,ey
90-2012-0-001,2015,2012,3,152,98.875,ey
90-2013-0-288,2015,2013,2,142,99,ey
90-2015-0-581,2018,2015,3,156,99,ey
90-2017-0-781,2018,2017,1,108,99,ey
270-2007-1-056,2009,2007,2,167,99.375,dmp
270-2010-1-038,2012,2010,2,144,99.375,dmp
270-2010-1-039,2012,2010,2,147,99.375,dmp
270-2013-0-268,2015,2013,2,131,99.25,wy
270-2015-0-582,2017,2015,2,153,99.25,wy
90-2010-0-112,2012,2010,2,152,99.25,ey
90-2014-0-456,2016,2014,2,141,99.125,ey
90-2016-0-671,2018,2016,2,128,99.125,ey
270-2008-1-014,2010,2008,2,159,99.625,dmp
270-2009-1-024,2011,2009,2,151,99.5,dmp
270-2011-1-213,2013,2011,2,144,99.75,dmp
270-2014-0-447,2016,2014,2,147,99.75,wy
90-2013-0-289,2016,2013,3,152,99.5,ey
90-2016-0-663,2019,2016,3,178,99.5,ey
270-2013-0-265,2016,2013,3,152,100.125,wy
90-2011-0-362,2014,2011,3,192,99.875,ey
90-2015-0-570,2019,2015,4,182,99.875,ey
90-2015-0-571,2021,2015,6,208,100,ey
270-2012-0-339,2014,2012,2,152,100.25,wy
270-2018-0-863,2020,2018,2,138,100.25,wy
90-2014-0-472,2016,2014,2,128,100.375,ey
90-2017-0-782,2019,2017,2,146,100.25,ey
270-2007-1-001,2009,2007,2,165,100.625,dmp
270-2014-0-453,2019,2014,5,184,100.875,wy
270-2017-0-749,2019,2017,2,123,100.625,wy
270-2019-1-933,2021,2019,2,133,100.625,dmp
90-2015-0-563,2017,2015,2,150,100.75,ey
90-2018-0-860,2021,2018,3,137,100.75,ey
270-2012-0-330,2014,2012,2,137,101.25,wy
270-2012-1-248,2014,2012,2,150,101.125,dmp
270-2014-0-453,2017,2014,3,141,101.125,wy
90-2009-0-067,2020,2009,11,163,101.125,ey
90-2012-0-349,2014,2012,2,153,101.375,ey
90-2013-0-274,2015,2013,2,145,101.125,ey
270-2012-1-224,2014,2012,2,164,101.75,dmp
90-2008-0-032,2010,2008,2,166,101.5,ey
90-2011-0-360,2013,2011,2,143,101.5,ey
270-2014-0-452,2017,2014,3,128,101.875,wy
270-2018-1-808,2020,2018,2,128,102.125,dmp
270-2014-1-428,2016,2014,2,149,101.872,dmp
90-2014-0-469,2017,2014,3,142,102.125,ey
270-2009-1-033,2011,2009,2,128,102.5,dmp
270-2010-1-007,2021,2010,11,159,102.375,dmp
270-2012-0-343,2014,2012,2,166,102.25,wy
270-2014-1-414,2017,2014,3,143,102.375,dmp
270-2015-0-553,2017,2015,2,104,102.25,wy
90-2013-0-277,2015,2013,2,153,102.25,ey
90-2013-0-282,2015,2013,2,153,102.5,ey
90-2013-0-284,2015,2013,2,136,102.375,ey
90-2013-0-291,2016,2013,3,137,102.5,ey
90-2015-0-566,2017,2015,2,148,102.25,ey
270-2013-0-264,2017,2013,4,153,102.75,wy
270-2014-1-403,2016,2014,2,119,102.875,dmp
90-2015-0-570,2020,2015,5,192,102.875,ey
90-2015-0-576,2017,2015,2,143,102.875,ey
90-2017-0-776,2019,2017,2,127,102.875,ey
90-2007-0-045,2015,2007,8,NA,103,ey
90-2011-0-359,2013,2011,2,137,103.125,ey
90-2016-0-664,2019,2016,3,160,103.25,ey
270-2010-1-003,2012,2010,2,151,103.5,dmp
270-2011-1-242,2013,2011,2,156,103.625,dmp
270-2018-1-817,2021,2018,3,122,103.625,dmp
90-2008-0-042,2010,2008,2,162,103.5,ey
90-2015-0-577,2018,2015,3,169,103.375,ey
90-2009-0-057,2012,2009,3,179,103.875,ey
90-2011-0-358,2013,2011,2,150,103.75,ey
90-2013-0-290,2015,2013,2,144,104,ey
90-2015-0-564,2017,2015,2,137,103.75,ey
270-2011-1-260,2013,2011,2,152,104.375,dmp
90-2017-0-778,2021,2017,4,165,104.5,ey
270-2007-1-011,2010,2007,3,190,104.75,dmp
270-2010-1-001,2012,2010,2,143,104.75,dmp
270-2015-1-524,2018,2015,3,143,104.875,dmp
90-2010-0-104,2012,2010,2,167,104.625,ey
270-2013-0-263,2017,2013,4,176,105.25,wy
270-2015-1-518,2018,2015,3,152,105,dmp
90-2009-0-069,2011,2009,2,148,105.125,ey
90-2010-0-103,2012,2010,2,143,105,ey
90-2013-0-275,2016,2013,3,156,105.125,ey
270-2015-0-555,2018,2015,3,169,105.375,wy
270-2016-1-642,2018,2016,2,122,105.625,dmp
90-2010-0-115,2014,2010,4,160,105.375,ey
90-2014-0-465,2016,2014,2,148,105.5,ey
90-2017-0-786,2019,2017,2,147,105.5,ey
270-2008-1-011,2010,2008,2,140,105.75,dmp
270-2011-1-295,2013,2011,2,131,105.75,dmp
270-2013-0-260,2015,2013,2,132,106,wy
270-2014-0-451,2017,2014,3,172,106,wy
90-2017-0-779,2020,2017,3,188,105.75,ey
90-2013-0-280,2015,2013,2,169,106,ey
270-2013-0-264,2018,2013,5,158,106.25,wy
90-2008-0-059,2010,2008,2,148,106.125,ey
90-2012-0-324,2015,2012,3,168,106.125,ey
90-2014-0-468,2017,2014,3,123,106.375,ey
90-2019-0-975,2021,2019,2,152,106.375,ey
270-2009-1-012,2017,2009,8,175,106.625,dmp
270-2011-1-244,2013,2011,2,154,106.75,dmp
270-2013-1-205,2015,2013,2,135,106.625,dmp
270-2014-0-453,2018,2014,4,157,106.75,wy
270-2014-0-454,2016,2014,2,145,106.875,wy
270-2015-0-549,2019,2015,4,171,106.625,wy
90-2013-0-286,2016,2013,3,164,106.875,ey
90-2013-0-289,2017,2013,4,153,106.75,ey
90-2014-0-457,2016,2014,2,145,106.875,ey
90-2014-0-459,2018,2014,4,187,106.75,ey
90-2015-0-579,2017,2015,2,146,106.875,ey
270-2012-0-340,2014,2012,2,157,107,wy
270-2012-0-341,2015,2012,3,163,107.25,wy
90-2009-0-070,2020,2009,11,182,107.25,ey
270-2011-1-333,2020,2011,9,211,107,dmp
270-2015-0-557,2019,2015,4,165,107.125,wy
90-2010-0-114,2012,2010,2,157,107.25,ey
90-2014-0-475,2016,2014,2,127,107,ey
90-2015-0-562,2018,2015,3,155,107.125,ey
90-2019-0-977,2021,2019,2,174,107.125,ey
270-2013-1-216,2015,2013,2,148,107.5,dmp
270-2013-1-234,2016,2013,3,131,107.375,dmp
270-2014-0-446,2016,2014,2,144,107.625,wy
90-2008-0-054,2011,2008,3,177,107.375,ey
90-2009-0-062,2011,2009,2,141,107.375,ey
90-2011-0-365,2014,2011,3,145,107.625,ey
270-2009-1-009,2011,2009,2,149,107.875,dmp
270-2018-1-818,2021,2018,3,134,107.75,dmp
90-2010-0-105,2013,2010,3,167,108,ey
90-2018-0-861,2021,2018,3,152,107.875,ey
270-2010-1-028,2013,2010,3,185,108.375,dmp
270-2012-1-262,2014,2012,2,149,108.25,dmp
270-2013-0-258,2016,2013,3,139,108.125,wy
270-2013-0-269,2016,2013,3,161,108.25,wy
270-2015-0-552,2020,2015,5,180,108.25,wy
270-2012-0-334,2014,2012,2,167,108.75,wy
270-2012-1-233,2016,2012,4,149,108.625,dmp
270-2012-1-278,2014,2012,2,155,108.5,dmp
270-2018-1-834,2020,2018,2,128,108.625,dmp
90-2011-0-367,2014,2011,3,183,108.625,ey
90-2017-0-784,2021,2017,4,198,108.625,ey
270-2014-0-444,2016,2014,2,126,109.125,wy
270-2019-1-927,2021,2019,2,128,109,dmp
90-2008-0-039,2012,2008,4,202,109.25,ey
270-2007-1-007,2009,2007,2,173,109.375,dmp
270-2009-1-010,2011,2009,2,144,109.375,dmp
270-2019-0-945,2021,2019,2,124,109.375,wy
90-2016-0-661,2019,2016,3,166,109.625,ey
270-2010-1-038,2019,2010,9,177,110,dmp
270-2011-1-333,2019,2011,8,202,110,dmp
270-2017-1-703,2021,2017,4,145,110,dmp
270-2018-1-802,2021,2018,3,176,109.875,dmp
90-2007-0-049,2009,2007,2,179,110,ey
90-2009-0-051,2011,2009,2,153,109.75,ey
90-2012-0-329,2014,2012,2,175,109.75,ey
90-2016-0-662,2018,2016,2,123,110,ey
270-2009-1-023,2011,2009,2,136,110.125,dmp
270-2013-0-267,2015,2013,2,131,110.25,wy
270-2014-0-450,2018,2014,4,139,110.25,wy
270-2012-0-342,2014,2012,2,129,110.5,wy
270-2013-0-272,2015,2013,2,152,110.625,wy
90-2008-0-056,2012,2008,4,189,110.5,ey
90-2009-0-063,2012,2009,3,182,110.5,ey
90-2009-0-070,2012,2009,3,190,110.625,ey
90-2011-0-370,2014,2011,3,207,110.5,ey
90-2014-0-460,2016,2014,2,143,110.75,ey
90-2015-0-565,2018,2015,3,136,110.5,ey
270-2011-0-337,2014,2011,3,182,110.875,wy
270-2013-0-263,2018,2013,5,181,111,wy
270-2015-0-589,2018,2015,3,176,111.125,wy
90-2019-0-980,2021,2019,2,142,110.875,ey
270-2007-1-057,2010,2007,3,155,111.5,dmp
270-2010-1-086,2012,2010,2,158,111.375,dmp
270-2012-0-340,2015,2012,3,157,111.375,wy
270-2012-0-344,2014,2012,2,156,111.375,wy
270-2013-0-258,2017,2013,4,157,111.5,wy
270-2014-1-407,2016,2014,2,127,111.5,dmp
90-2018-0-851,2020,2018,2,157,111.5,ey
270-2016-1-634,2018,2016,2,110,111.375,dmp
90-2013-0-292,2016,2013,3,164,111.5,ey
90-2015-0-559,2019,2015,4,205,111.375,ey
90-2015-0-580,2018,2015,3,146,111.5,ey
270-2008-1-012,2011,2008,3,145,111.875,dmp
270-2011-0-338,2013,2011,2,156,111.875,wy
270-2012-0-331,2014,2012,2,167,111.75,wy
270-2013-1-204,2015,2013,2,134,111.625,dmp
270-2014-0-455,2017,2014,3,167,111.75,wy
270-2014-1-422,2018,2014,4,155,111.625,dmp
90-2018-0-855,2020,2018,2,168,111.625,ey
270-2016-0-654,2019,2016,3,186,111.625,wy
90-2010-0-109,2013,2010,3,185,111.75,ey
90-2013-0-278,2016,2013,3,175,112,ey
270-2013-0-269,2019,2013,6,190,112.125,wy
270-2008-1-018,2010,2008,2,150,112.5,dmp
90-2007-0-024,2011,2007,4,185,112.5,ey
90-2009-0-060,2011,2009,2,158,112.75,ey
90-2011-0-354,2014,2011,3,173,112.75,ey
90-2012-0-324,2016,2012,4,170,112.5,ey
90-2015-0-574,2018,2015,3,152,112.625,ey
90-2016-0-659,2019,2016,3,164,112.75,ey
270-2009-1-038,2012,2009,3,123,113,dmp
270-2012-1-207,2014,2012,2,159,112.875,dmp
270-2013-0-265,2017,2013,4,149,113,wy
90-2008-0-033,2010,2008,2,153,113.125,ey
90-2014-0-469,2018,2014,4,174,113,ey
90-2017-0-787,2020,2017,3,172,113.375,ey
270-2018-1-835,2021,2018,3,154,113.25,dmp
90-2009-0-058,2019,2009,10,224,113.25,ey
90-2009-0-066,2011,2009,2,167,113.375,ey
90-2011-0-362,2015,2011,4,203,113.375,ey
90-2013-0-279,2016,2013,3,156,113.25,ey
90-2016-0-666,2019,2016,3,162,113.5,ey
270-2007-1-065,2009,2007,2,170,113.875,dmp
270-2011-1-260,2021,2011,10,204,113.75,dmp
270-2011-1-268,2013,2011,2,145,113.75,dmp
270-2015-0-589,2020,2015,5,194,113.625,wy
270-2015-0-557,2020,2015,5,180,113.875,wy
270-2015-1-510,2018,2015,3,162,113.625,dmp
90-2009-0-067,2012,2009,3,177,113.875,ey
90-2016-0-665,2019,2016,3,153,113.875,ey
270-2013-1-256,2016,2013,3,166,114.125,dmp
90-2017-0-780,2020,2017,3,163,114,ey
90-2013-0-291,2017,2013,4,140,114.25,ey
90-2015-0-578,2017,2015,2,123,114.125,ey
270-2008-1-013,2010,2008,2,143,114.375,dmp
270-2010-1-006,2012,2010,2,138,114.375,dmp
270-2011-1-333,2021,2011,10,217,114.75,dmp
90-2015-0-559,2020,2015,5,210,114.5,ey
270-2015-0-586,2017,2015,2,139,114.5,wy
270-2016-1-603,2019,2016,3,174,114.5,dmp
90-2008-0-034,2010,2008,2,173,114.375,ey
90-2012-0-350,2015,2012,3,178,114.625,ey
90-2013-0-273,2015,2013,2,160,114.5,ey
270-2012-1-266,2015,2012,3,166,115,dmp
270-2015-0-551,2018,2015,3,139,114.875,wy
270-2015-0-583,2017,2015,2,130,115,wy
270-2015-0-589,2021,2015,6,204,114.875,wy
90-2013-0-291,2018,2013,5,157,115,ey
90-2014-0-456,2017,2014,3,154,114.875,ey
270-2015-0-547,2018,2015,3,148,115.375,wy
90-2007-0-039,2011,2007,4,186,115.5,ey
90-2009-0-058,2021,2009,12,193,115.5,ey
270-2009-1-002,2012,2009,3,178,115.625,dmp
270-2011-1-333,2014,2011,3,199,115.875,dmp
270-2014-0-449,2016,2014,2,162,115.75,wy
270-2015-0-552,2021,2015,6,197,115.75,wy
90-2012-0-319,2014,2012,2,164,115.75,ey
90-2018-0-857,2021,2018,3,187,115.875,ey
90-2008-0-059,2011,2008,3,164,116.125,ey
90-2013-0-286,2021,2013,8,202,116,ey
90-2016-0-672,2018,2016,2,171,116.125,ey
270-2011-0-343,2015,2011,4,167,116.375,wy
270-2012-1-314,2015,2012,3,NA,116.625,dmp
90-2010-0-107,2013,2010,3,182,116.375,ey
90-2012-0-347,2015,2012,3,172,116.375,ey
90-2015-0-581,2019,2015,4,190,116.375,ey
270-2007-1-011,2011,2007,4,196,116.75,dmp
270-2008-1-022,2011,2008,3,162,117.125,dmp
270-2014-0-451,2018,2014,4,178,117,wy
270-2014-0-452,2018,2014,4,159,117.125,wy
270-2015-1-508,2018,2015,3,147,116.75,dmp
270-2016-0-677,2019,2016,3,145,116.75,wy
270-2017-1-717,2019,2017,2,144,116.875,dmp
90-2018-0-853,2021,2018,3,175,116.875,ey
270-2010-1-038,2018,2010,8,171,117.375,dmp
270-2011-0-339,2015,2011,4,184,117.25,wy
270-2013-0-263,2019,2013,6,190,117.375,wy
90-2014-0-475,2020,2014,6,210,117.375,ey
90-2009-0-053,2020,2009,11,NA,117.25,ey
270-2017-1-711,2020,2017,3,134,117.375,dmp
270-2013-0-263,2020,2013,7,192,117.25,wy
270-2016-1-619,2019,2016,3,160,117.5,dmp
90-2010-0-102,2013,2010,3,167,117.25,ey
90-2010-0-111,2012,2010,2,NA,117.25,ey
90-2012-0-324,2018,2012,6,174,117.5,ey
90-2013-0-275,2017,2013,4,163,117.5,ey
270-2007-1-001,2010,2007,3,172,117.875,dmp
270-2010-1-009,2012,2010,2,140,117.625,dmp
270-2013-0-271,2016,2013,3,155,117.875,wy
270-2015-0-557,2021,2015,6,183,117.625,wy
270-2011-1-269,2020,2011,9,193,117.625,dmp
90-2007-0-045,2009,2007,2,179,117.875,ey
90-2011-0-370,2018,2011,7,201,117.875,ey
270-2009-1-012,2016,2009,7,192,118.25,dmp
270-2010-1-021,2021,2010,11,173,118,dmp
270-2010-1-027,2012,2010,2,146,118.125,dmp
270-2012-1-229,2014,2012,2,164,118,dmp
270-2013-1-202,2015,2013,2,145,118.125,dmp
270-2014-1-434,2017,2014,3,130,118,dmp
90-2013-0-276,2015,2013,2,169,118.25,ey
90-2014-0-458,2017,2014,3,166,118.25,ey
270-2007-1-011,2013,2007,6,198,118.625,dmp
270-2009-1-011,2012,2009,3,172,118.625,dmp
270-2009-1-020,2011,2009,2,146,118.625,dmp
270-2011-0-345,2015,2011,4,210,118.625,wy
270-2012-0-333,2014,2012,2,160,118.375,wy
90-2008-0-042,2011,2008,3,166,118.5,ey
90-2011-0-362,2021,2011,10,223,118.375,ey
90-2014-0-472,2017,2014,3,149,118.375,ey
270-2007-1-006,2011,2007,4,191,118.875,dmp
270-2009-1-012,2012,2009,3,182,118.75,dmp
270-2010-1-021,2012,2010,2,156,118.875,dmp
270-2013-0-271,2017,2013,4,147,118.75,wy
270-2014-1-410,2018,2014,4,116,118.75,dmp
270-2014-1-440,2016,2014,2,127,118.875,dmp
270-2018-1-815,2020,2018,2,132,118.875,dmp
270-2015-1-522,2018,2015,3,164,118.875,dmp
270-2016-0-675,2019,2016,3,157,118.875,wy
90-2009-0-053,2012,2009,3,166,119,ey
90-2009-0-068,2012,2009,3,162,118.75,ey
90-2013-0-292,2017,2013,4,177,119,ey
90-2016-0-658,2019,2016,3,200,118.875,ey
270-2010-1-005,2013,2010,3,178,119.25,dmp
270-2015-0-553,2018,2015,3,167,119.375,wy
90-2017-0-783,2020,2017,3,174,119.25,ey
90-2012-0-001,2018,2012,6,157,119.375,ey
270-2008-1-017,2010,2008,2,145,119.75,dmp
270-2010-1-007,2013,2010,3,161,119.875,dmp
270-2013-1-252,2015,2013,2,130,119.875,dmp
270-2013-0-269,2020,2013,7,190,119.5,wy
270-2015-0-549,2020,2015,5,176,119.5,wy
270-2018-1-822,2021,2018,3,144,119.5,dmp
90-2008-0-041,2011,2008,3,177,119.75,ey
90-2011-0-362,2016,2011,5,214,119.625,ey
90-2011-0-362,2017,2011,6,213,119.75,ey
90-2012-0-001,2021,2012,9,181,119.5,ey
90-2013-0-285,2016,2013,3,174,119.5,ey
270-2012-0-345,2015,2012,3,153,120.25,wy
90-2016-0-664,2020,2016,4,174,120.125,ey
90-2012-0-320,2014,2012,2,148,120,ey
90-2013-0-287,2015,2013,2,131,120,ey
90-2018-0-859,2021,2018,3,187,120.125,ey
270-2011-1-215,2019,2011,8,197,120.625,dmp
270-2012-1-265,2015,2012,3,179,120.625,dmp
270-2014-1-422,2019,2014,5,176,120.375,dmp
270-2016-1-622,2018,2016,2,133,120.5,dmp
90-2009-0-054,2012,2009,3,163,120.5,ey
90-2011-0-362,2018,2011,7,214,120.375,ey
90-2011-0-362,2019,2011,8,237,120.5,ey
90-2013-0-286,2017,2013,4,171,120.625,ey
270-2010-1-007,2017,2010,7,178,120.875,dmp
270-2013-1-210,2017,2013,4,141,120.875,dmp
90-2018-0-858,2020,2018,2,153,120.75,ey
270-2016-0-653,2021,2016,5,168,120.875,wy
270-2016-1-608,2019,2016,3,151,120.875,dmp
90-2007-0-038,2014,2007,7,233,120.75,ey
270-2014-0-450,2019,2014,5,169,121.125,wy
90-2011-0-351,2020,2011,9,211,121.375,ey
90-2008-0-032,2011,2008,3,155,121.375,ey
90-2008-0-040,2012,2008,4,206,121.375,ey
90-2008-0-058,2012,2008,4,192,121.125,ey
90-2009-0-059,2012,2009,3,166,121.125,ey
90-2012-0-326,2015,2012,3,158,121.375,ey
270-2012-1-224,2015,2012,3,166,121.625,dmp
270-2012-1-248,2015,2012,3,165,121.5,dmp
270-2014-0-452,2019,2014,5,187,121.625,wy
270-2015-1-516,2019,2015,4,163,121.5,dmp
270-2016-0-651,2019,2016,3,134,121.5,wy
270-2017-0-749,2020,2017,3,143,121.5,wy
90-2008-0-056,2013,2008,5,194,121.5,ey
90-2008-0-058,2017,2008,9,179,121.75,ey
90-2011-0-370,2015,2011,4,196,121.625,ey
90-2015-0-559,2021,2015,6,216,121.625,ey
270-2011-1-225,2021,2011,10,168,122,dmp
270-2014-0-448,2017,2014,3,165,122.125,wy
90-2016-0-661,2020,2016,4,176,122.125,ey
270-2013-1-238,2020,2013,7,141,121.875,dmp
90-2010-0-115,2015,2010,5,186,122,ey
90-2012-0-324,2017,2012,5,177,122.125,ey
90-2013-0-278,2017,2013,4,180,122.125,ey
270-2008-1-028,2011,2008,3,127,122.25,dmp
270-2011-1-215,2014,2011,3,168,122.625,dmp
270-2015-1-518,2019,2015,4,156,122.25,dmp
90-2007-0-016,2011,2007,4,179,122.625,ey
90-2017-0-780,2021,2017,4,164,122.25,ey
90-2018-0-852,2021,2018,3,169,122.25,ey
270-2007-1-006,2010,2007,3,201,122.75,dmp
270-2009-1-012,2013,2009,4,191,123,dmp
270-2011-1-260,2014,2011,3,184,123,dmp
270-2013-1-239,2015,2013,2,123,122.875,dmp
270-2014-0-455,2018,2014,4,191,122.875,wy
90-2010-0-109,2021,2010,11,192,123,ey
90-2011-0-355,2015,2011,4,191,122.75,ey
90-2011-0-370,2017,2011,6,195,122.75,ey
90-2012-0-321,2015,2012,3,154,123,ey
90-2014-0-463,2017,2014,3,160,122.875,ey
90-2014-0-469,2019,2014,5,204,122.75,ey
270-2011-1-215,2021,2011,10,196,123.25,dmp
270-2014-0-453,2021,2014,7,195,123.125,wy
270-2014-1-411,2017,2014,3,147,123.125,dmp
270-2010-1-021,2020,2010,10,171,123.125,dmp
270-2014-0-450,2020,2014,6,168,123.25,wy
270-2016-1-606,2019,2016,3,149,123.25,dmp
270-2018-0-862,2021,2018,3,153,123.125,wy
90-2008-0-056,2016,2008,8,186,123.375,ey
90-2011-0-352,2015,2011,4,148,123.375,ey
90-2012-0-324,2019,2012,7,177,123.25,ey
90-2013-0-274,2016,2013,3,167,123.125,ey
270-2007-1-011,2014,2007,7,208,123.75,dmp
270-2014-0-453,2020,2014,6,172,123.75,wy
90-2007-0-040,2011,2007,4,207,123.625,ey
90-2008-0-033,2011,2008,3,169,123.5,ey
90-2008-0-037,2011,2008,3,194,123.75,ey
90-2010-0-115,2016,2010,6,183,123.625,ey
90-2013-0-286,2018,2013,5,203,123.75,ey
90-2014-0-468,2018,2014,4,172,123.5,ey
90-2017-0-777,2021,2017,4,197,123.5,ey
270-2014-1-438,2017,2014,3,158,123.875,dmp
270-2016-0-654,2020,2016,4,213,124,wy
270-2018-0-864,2021,2018,3,159,124.125,wy
90-2009-0-057,2013,2009,4,213,123.875,ey
90-2009-0-064,2012,2009,3,176,123.875,ey
90-2010-0-108,2012,2010,2,170,124.125,ey
90-2013-0-284,2016,2013,3,155,123.875,ey
90-2016-0-671,2019,2016,3,169,124,ey
270-2007-1-057,2017,2007,10,132,124.5,dmp
270-2012-0-341,2016,2012,4,174,124.5,wy
90-2017-0-786,2020,2017,3,165,124.375,ey
90-2011-0-363,2016,2011,5,207,124.5,ey
90-2014-0-464,2016,2014,2,159,124.375,ey
90-2015-0-564,2018,2015,3,190,124.375,ey
270-2009-1-002,2016,2009,7,184,124.875,dmp
270-2011-0-336,2014,2011,3,192,124.75,wy
270-2012-0-330,2015,2012,3,145,124.875,wy
270-2012-1-263,2015,2012,3,170,124.875,dmp
270-2015-0-589,2019,2015,4,195,124.875,wy
90-2016-0-665,2020,2016,4,171,124.75,ey
90-2009-0-051,2012,2009,3,177,124.875,ey
90-2013-0-273,2018,2013,5,196,124.875,ey
270-2008-1-013,2011,2008,3,162,125.125,dmp
270-2009-1-012,2015,2009,6,195,125,dmp
270-2009-1-021,2012,2009,3,143,125.25,dmp
270-2011-1-246,2014,2011,3,159,125.375,dmp
270-2012-1-233,2018,2012,6,182,125.25,dmp
90-2007-0-039,2012,2007,5,192,125,ey
90-2008-0-039,2013,2008,5,228,125,ey
90-2009-0-056,2012,2009,3,172,125.25,ey
90-2012-0-325,2015,2012,3,178,125,ey
90-2012-0-327,2015,2012,3,184,125.375,ey
90-2015-0-579,2018,2015,3,167,125,ey
90-2017-0-779,2021,2017,4,211,125.25,ey
270-2010-1-028,2014,2010,4,213,125.625,dmp
270-2016-1-615,2019,2016,3,160,125.75,dmp
270-2018-1-824,2021,2018,3,149,125.5,dmp
90-2008-0-054,2012,2008,4,206,125.5,ey
90-2009-0-063,2013,2009,4,212,125.5,ey
270-2007-1-007,2010,2007,3,210,126,dmp
270-2011-0-339,2016,2011,5,182,125.875,wy
270-2011-0-340,2013,2011,2,152,125.875,wy
270-2011-0-345,2016,2011,5,NA,125.875,wy
270-2014-0-444,2017,2014,3,142,126,wy
270-2014-0-450,2021,2014,7,175,126,wy
90-2017-0-782,2020,2017,3,173,125.875,ey
90-2012-0-001,2020,2012,8,173,125.875,ey
90-2008-0-034,2017,2008,9,170,125.875,ey
90-2008-0-056,2014,2008,6,192,126,ey
90-2008-0-056,2015,2008,7,195,125.875,ey
90-2011-0-367,2016,2011,5,193,126,ey
90-2014-0-459,2019,2014,5,207,126,ey
90-2015-0-566,2018,2015,3,178,126.125,ey
90-2016-0-667,2019,2016,3,175,125.875,ey
270-2007-1-057,2011,2007,4,170,126.25,dmp
270-2012-1-233,2019,2012,7,179,126.25,dmp
270-2014-0-455,2019,2014,5,204,126.5,wy
270-2014-1-414,2018,2014,4,170,126.5,dmp
270-2016-0-676,2020,2016,4,177,126.25,wy
90-2007-0-046,2011,2007,4,189,126.5,ey
90-2010-0-106,2014,2010,4,177,126.5,ey
90-2012-0-348,2015,2012,3,168,126.5,ey
90-2013-0-277,2016,2013,3,172,126.375,ey
270-2014-0-447,2017,2014,3,144,126.875,wy
270-2014-1-434,2018,2014,4,115,126.75,dmp
90-2008-0-039,2015,2008,7,226,126.875,ey
90-2010-0-101,2013,2010,3,167,126.75,ey
90-2013-0-280,2016,2013,3,183,126.75,ey
90-2014-0-473,2018,2014,4,184,126.625,ey
270-2007-1-051,2009,2007,2,175,127,dmp
270-2009-1-002,2017,2009,8,178,127.25,dmp
270-2010-1-039,2014,2010,4,178,127.25,dmp
270-2016-0-673,2019,2016,3,136,127.25,wy
90-2008-0-034,2011,2008,3,184,127,ey
90-2011-0-363,2017,2011,6,203,127.125,ey
270-2010-1-019,2013,2010,3,167,127.625,dmp
270-2011-1-261,2019,2011,8,185,127.375,dmp
270-2012-1-233,2017,2012,5,169,127.5,dmp
270-2012-1-314,2016,2012,4,182,127.5,dmp
270-2014-0-452,2021,2014,7,190,127.75,wy
270-2017-1-719,2019,2017,2,138,127.75,dmp
90-2007-0-019,2012,2007,5,170,127.375,ey
90-2007-0-046,2012,2007,5,202,127.625,ey
90-2010-0-104,2013,2010,3,204,127.75,ey
90-2011-0-351,2019,2011,8,231,127.75,ey
90-2014-0-465,2017,2014,3,165,127.625,ey
90-2014-0-466,2017,2014,3,139,127.375,ey
270-2009-1-011,2013,2009,4,182,127.875,dmp
270-2010-1-038,2013,2010,3,163,127.875,dmp
270-2011-0-341,2017,2011,6,166,128,wy
270-2013-0-268,2016,2013,3,157,128,wy
270-2013-0-269,2018,2013,5,185,127.875,wy
270-2014-0-451,2021,2014,7,207,128,wy
270-2015-0-558,2018,2015,3,156,127.875,wy
270-2016-1-613,2018,2016,2,126,127.875,dmp
270-2012-1-248,2020,2012,8,189,127.875,dmp
90-2009-0-070,2013,2009,4,207,127.875,ey
90-2011-0-367,2017,2011,6,200,128.125,ey
90-2011-0-367,2018,2011,7,193,128.125,ey
90-2011-0-370,2016,2011,5,200,127.875,ey
90-2016-0-669,2019,2016,3,169,128.125,ey
270-2009-1-012,2014,2009,5,210,128.375,dmp
270-2010-1-007,2018,2010,8,177,128.25,dmp
270-2014-1-410,2019,2014,5,165,128.5,dmp
270-2014-1-422,2021,2014,7,178,128.5,dmp
270-2015-1-524,2019,2015,4,178,128.25,dmp
90-2010-0-103,2013,2010,3,173,128.375,ey
90-2014-0-475,2017,2014,3,159,128.25,ey
90-2014-0-475,2021,2014,7,208,128.5,ey
270-2011-1-333,2015,2011,4,207,128.75,dmp
270-2012-1-262,2015,2012,3,170,128.75,dmp
270-2015-0-586,2018,2015,3,144,128.75,wy
270-2014-0-452,2020,2014,6,170,128.625,wy
270-2017-0-748,2020,2017,3,150,128.875,wy
90-2009-0-059,2013,2009,4,188,128.625,ey
90-2011-0-367,2019,2011,8,224,128.625,ey
90-2013-0-290,2017,2013,4,166,128.875,ey
90-2014-0-467,2017,2014,3,150,128.75,ey
90-2015-0-562,2019,2015,4,193,128.75,ey
270-2012-0-345,2016,2012,4,161,129,wy
270-2013-0-266,2016,2013,3,167,129.125,wy
270-2016-0-655,2019,2016,3,155,129.125,wy
270-2014-1-422,2020,2014,6,175,129,dmp
90-2016-0-670,2020,2016,4,184,129.125,ey
90-2016-0-667,2020,2016,4,186,129.25,ey
90-2007-0-039,2013,2007,6,216,129.25,ey
90-2007-0-046,2017,2007,10,164,129,ey
90-2007-0-048,2011,2007,4,214,129.125,ey
90-2011-0-351,2016,2011,5,197,129.125,ey
90-2016-0-664,2021,2016,5,174,129,ey
90-2017-0-781,2019,2017,2,156,129.125,ey
90-2017-0-787,2021,2017,4,190,129,ey
270-2009-1-002,2015,2009,6,199,129.5,dmp
270-2011-1-248,2019,2011,8,168,129.5,dmp
270-2012-1-277,2015,2012,3,164,129.5,dmp
270-2013-0-271,2018,2013,5,164,129.5,wy
270-2015-0-551,2019,2015,4,171,129.5,wy
270-2015-0-555,2020,2015,5,204,129.625,wy
90-2011-0-367,2020,2011,9,222,129.625,ey
90-2014-0-469,2020,2014,6,201,129.375,ey
90-2007-0-029,2009,2007,2,178,129.625,ey
90-2009-0-052,2013,2009,4,231,129.5,ey
270-2007-1-007,2011,2007,4,209,129.75,dmp
270-2011-0-343,2016,2011,5,200,129.875,wy
270-2015-0-555,2019,2015,4,195,129.875,wy
90-2008-0-055,2012,2008,4,190,129.875,ey
90-2009-0-058,2012,2009,3,173,129.875,ey
90-2011-0-351,2015,2011,4,185,129.875,ey
270-2009-1-011,2014,2009,5,192,130.25,dmp
270-2011-0-336,2015,2011,4,196,130.25,wy
270-2011-0-341,2016,2011,5,194,130.5,wy
270-2012-1-266,2016,2012,4,178,130.25,dmp
270-2014-1-440,2017,2014,3,139,130.375,dmp
270-2010-1-028,2020,2010,10,180,130.5,dmp
90-2007-0-039,2017,2007,10,188,130.125,ey
90-2008-0-041,2012,2008,4,193,130.25,ey
90-2011-0-352,2016,2011,5,160,130.25,ey
90-2013-0-279,2017,2013,4,165,130.5,ey
90-2015-0-581,2021,2015,6,202,130.25,ey
270-2007-1-001,2011,2007,4,189,130.75,dmp
270-2013-1-212,2016,2013,3,125,130.75,dmp
270-2015-0-553,2019,2015,4,196,130.875,wy
90-2016-0-659,2021,2016,5,198,130.875,ey
270-2011-0-335,2016,2011,5,194,131.25,wy
270-2015-0-582,2018,2015,3,169,131.125,wy
270-2010-1-028,2017,2010,7,201,131.625,dmp
270-2012-1-236,2015,2012,3,177,131.625,dmp
270-2015-0-547,2019,2015,4,176,131.375,wy
90-2010-0-109,2014,2010,4,196,131.625,ey
90-2011-0-355,2016,2011,5,197,131.5,ey
270-2008-1-012,2012,2008,4,174,131.875,dmp
270-2012-0-153,2015,2012,3,158,131.875,wy
90-2013-0-291,2020,2013,7,173,131.75,ey
270-2014-0-455,2020,2014,6,202,131.875,wy
270-2016-0-650,2020,2016,4,178,132,wy
90-2008-0-040,2013,2008,5,224,131.875,ey
90-2010-0-114,2013,2010,3,185,132,ey
90-2013-0-283,2016,2013,3,186,131.875,ey
90-2013-0-288,2017,2013,4,167,131.875,ey
90-2013-0-292,2018,2013,5,198,131.75,ey
90-2015-0-574,2019,2015,4,197,131.75,ey
270-2009-1-002,2014,2009,5,216,132.25,dmp
270-2010-1-001,2021,2010,11,168,132.125,dmp
270-2011-0-335,2017,2011,6,193,132.125,wy
270-2015-0-583,2018,2015,3,160,132.375,wy
270-2015-1-516,2021,2015,6,175,132.25,dmp
90-2007-0-048,2016,2007,9,223,132.25,ey
90-2012-0-347,2016,2012,4,188,132.125,ey
90-2012-0-350,2016,2012,4,196,132.25,ey
90-2013-0-275,2018,2013,5,187,132.125,ey
90-2015-0-579,2019,2015,4,209,132.125,ey
90-2018-0-855,2021,2018,3,210,132.375,ey
270-2007-1-012,2017,2007,10,189,132.625,dmp
270-2011-0-335,2018,2011,7,198,132.625,wy
270-2011-1-269,2014,2011,3,161,132.625,dmp
270-2014-1-407,2017,2014,3,148,132.625,dmp
90-2009-0-054,2013,2009,4,174,132.75,ey
90-2013-0-274,2017,2013,4,150,132.75,ey
90-2013-0-291,2019,2013,6,179,132.75,ey
90-2016-0-672,2019,2016,3,183,132.75,ey
270-2007-1-058,2009,2007,2,169,133,dmp
270-2011-1-322,2013,2011,2,129,133,dmp
270-2012-0-334,2015,2012,3,172,133.125,wy
270-2014-1-410,2020,2014,6,155,133.25,dmp
270-2018-1-805,2021,2018,3,144,133.125,dmp
90-2007-0-039,2016,2007,9,193,133.125,ey
90-2008-0-054,2013,2008,5,216,133,ey
90-2008-0-058,2014,2008,6,216,133,ey
90-2009-0-070,2017,2009,8,190,132.875,ey
90-2010-0-113,2012,2010,2,149,133.25,ey
270-2011-1-248,2016,2011,5,164,133.5,dmp
270-2013-0-271,2019,2013,6,174,133.5,wy
270-2013-1-256,2021,2013,8,207,133.375,dmp
270-2014-0-455,2021,2014,7,207,133.375,wy
90-2010-0-109,2020,2010,10,198,133.625,ey
90-2007-0-049,2010,2007,3,190,133.625,ey
90-2009-0-053,2013,2009,4,185,133.375,ey
270-2010-1-003,2013,2010,3,181,133.875,dmp
270-2011-1-250,2015,2011,4,203,134,dmp
270-2017-0-747,2021,2017,4,174,133.75,wy
90-2010-0-102,2020,2010,10,188,133.875,ey
90-2009-0-067,2013,2009,4,206,133.75,ey
90-2014-0-456,2018,2014,4,177,133.875,ey
270-2011-1-295,2014,2011,3,160,134.125,dmp
270-2015-1-510,2019,2015,4,NA,134.125,dmp
270-2018-1-808,2021,2018,3,160,134.25,dmp
90-2010-0-102,2019,2010,9,188,134.375,ey
90-2014-0-472,2018,2014,4,171,134.125,ey
270-2009-1-009,2012,2009,3,173,134.625,dmp
270-2011-0-343,2017,2011,6,180,134.625,wy
270-2012-1-266,2021,2012,9,209,134.5,dmp
270-2016-0-654,2021,2016,5,221,134.75,wy
270-2011-0-335,2020,2011,9,219,134.625,wy
90-2013-0-286,2020,2013,7,224,134.625,ey
270-2016-0-673,2020,2016,4,138,134.625,wy
90-2007-0-039,2015,2007,8,203,134.5,ey
90-2007-0-048,2013,2007,6,257,134.625,ey
90-2007-0-048,2017,2007,10,213,134.75,ey
90-2008-0-058,2015,2008,7,199,134.5,ey
90-2011-0-360,2014,2011,3,169,134.75,ey
90-2012-0-322,2015,2012,3,154,134.75,ey
90-2014-0-465,2018,2014,4,202,134.75,ey
270-2007-1-012,2016,2007,9,208,135,dmp
270-2007-1-057,2012,2007,5,204,134.875,dmp
270-2008-1-011,2011,2008,3,152,135,dmp
270-2011-1-260,2018,2011,7,184,134.875,dmp
270-2012-0-341,2021,2012,9,203,134.875,wy
270-2013-0-272,2016,2013,3,177,135,wy
270-2013-0-272,2017,2013,4,NA,135.125,wy
90-2008-0-039,2014,2008,6,229,135,ey
90-2008-0-054,2016,2008,8,NA,134.875,ey
90-2008-0-059,2012,2008,4,188,135,ey
90-2014-0-469,2021,2014,7,193,135.125,ey
270-2007-1-012,2011,2007,4,201,135.375,dmp
270-2011-1-248,2015,2011,4,151,135.25,dmp
270-2011-1-333,2018,2011,7,204,135.5,dmp
270-2014-1-403,2017,2014,3,142,135.375,dmp
270-2016-1-607,2019,2016,3,160,135.375,dmp
270-2015-0-553,2020,2015,5,200,135.5,wy
90-2011-0-351,2017,2011,6,197,135.25,ey
90-2012-0-325,2016,2012,4,196,135.5,ey
270-2011-0-335,2019,2011,8,200,136,wy
270-2013-1-216,2017,2013,4,185,136,dmp
270-2017-1-717,2020,2017,3,186,135.75,dmp
270-2016-0-651,2020,2016,4,153,135.75,wy
90-2007-0-045,2010,2007,3,208,135.875,ey
90-2009-0-068,2013,2009,4,182,136,ey
90-2013-0-278,2018,2013,5,228,135.875,ey
270-2012-0-340,2021,2012,9,188,136.25,wy
270-2014-0-446,2017,2014,3,159,136.375,wy
270-2014-0-454,2017,2014,3,158,136.125,wy
270-2014-1-411,2018,2014,4,159,136.25,dmp
90-2015-0-565,2020,2015,5,170,136.25,ey
90-2015-0-564,2020,2015,5,190,136.375,ey
270-2015-0-551,2020,2015,5,162,136.375,wy
90-2010-0-102,2014,2010,4,169,136.375,ey
90-2011-0-368,2014,2011,3,159,136.125,ey
90-2012-0-326,2016,2012,4,176,136.25,ey
90-2012-0-329,2015,2012,3,185,136.375,ey
270-2010-1-028,2015,2010,5,200,136.5,dmp
270-2010-1-038,2015,2010,5,180,136.625,dmp
270-2011-1-225,2016,2011,5,156,136.625,dmp
270-2018-1-834,2021,2018,3,154,136.625,dmp
90-2015-0-579,2020,2015,5,213,136.75,ey
90-2009-0-058,2020,2009,11,204,136.625,ey
90-2007-0-040,2016,2007,9,225,136.75,ey
270-2010-1-028,2019,2010,9,182,137,dmp
270-2011-1-246,2021,2011,10,154,136.875,dmp
270-2017-1-711,2021,2017,4,147,137.125,dmp
90-2011-0-352,2020,2011,9,164,137,ey
270-2012-1-233,2020,2012,8,158,137,dmp
90-2007-0-036,2010,2007,3,224,137.125,ey
90-2009-0-057,2014,2009,5,217,136.875,ey
90-2009-0-066,2012,2009,3,202,137.125,ey
90-2010-0-107,2014,2010,4,209,137.125,ey
90-2011-0-354,2015,2011,4,185,137.125,ey
90-2014-0-457,2017,2014,3,167,137,ey
90-2016-0-665,2021,2016,5,177,136.875,ey
90-2018-0-858,2021,2018,3,186,137,ey
270-2010-1-039,2015,2010,5,173,137.375,dmp
270-2013-1-210,2018,2013,5,115,137.375,dmp
270-2011-0-337,2020,2011,9,205,137.25,wy
90-2013-0-278,2020,2013,7,215,137.375,ey
270-2016-0-648,2020,2016,4,206,137.375,wy
270-2016-0-675,2020,2016,4,181,137.375,wy
270-2014-0-451,2020,2014,6,207,137.375,wy
90-2009-0-059,2019,2009,10,206,137.5,ey
90-2014-0-460,2018,2014,4,184,137.375,ey
270-2007-1-001,2013,2007,6,212,137.875,dmp
270-2009-1-024,2012,2009,3,180,137.75,dmp
270-2010-1-005,2014,2010,4,192,137.875,dmp
270-2010-1-039,2017,2010,7,187,137.75,dmp
270-2012-1-266,2017,2012,5,206,137.75,dmp
270-2013-1-256,2018,2013,5,188,137.875,dmp
90-2008-0-057,2012,2008,4,210,137.625,ey
270-2011-1-246,2020,2011,9,156,137.625,dmp
90-2010-0-109,2019,2010,9,212,137.625,ey
90-2014-0-458,2018,2014,4,180,137.625,ey
90-2014-0-462,2017,2014,3,172,137.875,ey
90-2015-0-565,2019,2015,4,174,137.875,ey
90-2015-0-578,2018,2015,3,142,137.875,ey
270-2012-0-333,2015,2012,3,161,138.125,wy
270-2012-0-337,2015,2012,3,161,138,wy
270-2013-0-260,2016,2013,3,153,138.25,wy
270-2014-0-444,2018,2014,4,151,138,wy
90-2007-0-019,2016,2007,9,161,138.375,ey
90-2009-0-059,2018,2009,9,183,138,ey
90-2013-0-292,2020,2013,7,233,138,ey
270-2013-1-256,2020,2013,7,201,138.375,dmp
270-2015-1-522,2020,2015,5,205,138,dmp
90-2013-0-275,2020,2013,7,219,138.375,ey
90-2010-0-106,2021,2010,11,177,138.375,ey
90-2011-0-352,2018,2011,7,164,138.125,ey
90-2011-0-352,2019,2011,8,173,138.125,ey
90-2012-0-325,2017,2012,5,197,138.375,ey
90-2017-0-783,2021,2017,4,196,138.125,ey
270-2007-1-001,2016,2007,9,191,138.5,dmp
270-2011-1-225,2019,2011,8,178,138.5,dmp
270-2011-1-260,2015,2011,4,193,138.625,dmp
270-2011-1-260,2019,2011,8,210,138.5,dmp
270-2013-1-204,2016,2013,3,157,138.5,dmp
90-2014-0-458,2020,2014,6,198,138.5,ey
90-2014-0-468,2019,2014,5,186,138.75,ey
90-2016-0-662,2019,2016,3,169,138.5,ey
90-2017-0-782,2021,2017,4,183,138.625,ey
270-2010-1-006,2015,2010,5,173,138.875,dmp
270-2010-1-019,2014,2010,4,180,138.875,dmp
270-2010-1-039,2016,2010,6,178,138.875,dmp
270-2011-1-215,2016,2011,5,180,139.125,dmp
270-2014-1-438,2018,2014,4,180,139.125,dmp
270-2016-0-675,2021,2016,5,197,139.125,wy
90-2008-0-055,2016,2008,8,202,139.125,ey
90-2009-0-060,2012,2009,3,198,139.125,ey
90-2010-0-102,2017,2010,7,143,139.125,ey
90-2015-0-574,2020,2015,5,206,138.875,ey
90-2011-0-359,2014,2011,3,171,139,ey
90-2013-0-277,2017,2013,4,180,139,ey
270-2007-1-007,2015,2007,8,206,139.375,dmp
270-2010-1-007,2016,2010,6,185,139.375,dmp
270-2010-1-028,2016,2010,6,205,139.5,dmp
270-2011-1-247,2013,2011,2,143,139.25,dmp
270-2012-0-340,2017,2012,5,172,139.25,wy
270-2012-0-343,2015,2012,3,159,139.25,wy
270-2015-1-522,2019,2015,4,197,139.5,dmp
270-2017-1-722,2021,2017,4,136,139.5,dmp
90-2007-0-019,2014,2007,7,188,139.5,ey
90-2008-0-037,2012,2008,4,221,139.375,ey
90-2009-0-058,2013,2009,4,214,139.25,ey
90-2010-0-103,2014,2010,4,184,139.25,ey
270-2016-0-677,2020,2016,4,155,139.5,wy
90-2010-0-109,2017,2010,7,191,139.25,ey
90-2011-0-352,2017,2011,6,149,139.5,ey
90-2012-0-349,2015,2012,3,175,139.25,ey
90-2016-0-661,2021,2016,5,199,139.375,ey
270-2009-1-011,2015,2009,6,183,139.75,dmp
270-2010-1-006,2013,2010,3,160,139.875,dmp
270-2010-1-038,2014,2010,4,186,139.625,dmp
270-2011-1-225,2018,2011,7,167,139.75,dmp
270-2012-1-248,2016,2012,4,178,139.625,dmp
270-2014-1-410,2021,2014,7,152,139.875,dmp
270-2014-1-428,2017,2014,3,134,139.625,dmp
90-2016-0-671,2020,2016,4,199,139.875,ey
90-2013-0-275,2019,2013,6,194,139.625,ey
90-2013-0-285,2018,2013,5,205,139.625,ey
270-2010-1-021,2013,2010,3,181,140.125,dmp
270-2014-0-443,2017,2014,3,153,140.125,wy
270-2015-0-582,2019,2015,4,192,140.125,wy
90-2009-0-067,2014,2009,5,211,140.25,ey
270-2015-1-516,2020,2015,5,175,140.125,dmp
90-2012-0-327,2016,2012,4,173,140,ey
90-2015-0-580,2019,2015,4,178,140,ey
270-2007-1-065,2010,2007,3,215,140.375,dmp
270-2010-1-038,2017,2010,7,181,140.5,dmp
270-2011-1-215,2018,2011,7,195,140.375,dmp
270-2012-0-342,2015,2012,3,152,140.375,wy
270-2014-1-403,2018,2014,4,152,140.5,dmp
270-2015-1-518,2020,2015,5,195,140.5,dmp
90-2015-0-578,2020,2015,5,163,140.5,ey
90-2012-0-329,2017,2012,5,208,140.625,ey
90-2012-0-348,2016,2012,4,172,140.375,ey
90-2015-0-576,2018,2015,3,173,140.625,ey
270-2008-1-028,2012,2008,4,153,141.125,dmp
270-2011-0-336,2016,2011,5,222,141,wy
270-2016-1-622,2019,2016,3,146,141.125,dmp
270-2017-0-748,2021,2017,4,147,141,wy
90-2007-0-046,2015,2007,8,193,140.875,ey
90-2009-0-057,2015,2009,6,208,141,ey
90-2010-0-102,2016,2010,6,183,140.75,ey
90-2010-0-109,2018,2010,8,196,141.125,ey
90-2015-0-562,2020,2015,5,209,141.125,ey
90-2014-0-456,2021,2014,7,223,141.125,ey
90-2015-0-565,2021,2015,6,194,140.875,ey
270-2011-1-244,2014,2011,3,173,141.25,dmp
270-2012-1-265,2017,2012,5,190,141.25,dmp
90-2007-0-048,2015,2007,8,236,141.5,ey
90-2008-0-042,2013,2008,5,229,141.25,ey
90-2009-0-059,2017,2009,8,194,141.375,ey
90-2009-0-067,2017,2009,8,181,141.5,ey
90-2009-0-070,2016,2009,7,243,141.5,ey
90-2012-0-350,2017,2012,5,192,141.375,ey
270-2012-1-265,2016,2012,4,183,141.625,dmp
270-2012-1-278,2015,2012,3,165,141.875,dmp
270-2017-0-749,2021,2017,4,167,141.625,wy
90-2008-0-057,2013,2008,5,225,141.625,ey
90-2009-0-052,2016,2009,7,216,141.75,ey
270-2016-1-615,2020,2016,4,176,141.875,dmp
90-2014-0-463,2018,2014,4,198,141.75,ey
90-2015-0-564,2019,2015,4,182,141.625,ey
270-2007-1-001,2012,2007,5,205,142.25,dmp
270-2007-1-007,2014,2007,7,238,142.25,dmp
270-2011-0-336,2021,2011,10,207,142.125,wy
270-2011-1-215,2017,2011,6,182,142.125,dmp
270-2012-0-340,2019,2012,7,204,142,wy
270-2013-0-267,2017,2013,4,161,142.25,wy
270-2014-1-414,2019,2014,5,166,142.125,dmp
90-2007-0-019,2013,2007,6,179,142,ey
90-2007-0-024,2013,2007,6,210,142,ey
90-2008-0-039,2016,2008,8,219,142.25,ey
90-2008-0-040,2017,2008,9,205,142.125,ey
90-2009-0-059,2015,2009,6,151,142.25,ey
90-2010-0-109,2016,2010,6,232,142.25,ey
90-2012-0-326,2020,2012,8,192,142.25,ey
90-2013-0-291,2021,2013,8,190,142.25,ey
270-2007-1-006,2013,2007,6,228,142.625,dmp
270-2011-1-246,2016,2011,5,158,142.375,dmp
270-2012-1-229,2021,2012,9,203,142.625,dmp
90-2008-0-032,2012,2008,4,196,142.5,ey
90-2009-0-056,2018,2009,9,183,142.5,ey
90-2010-0-110,2012,2010,2,167,142.5,ey
90-2014-0-460,2020,2014,6,214,142.625,ey
270-2010-1-005,2020,2010,10,167,142.5,dmp
270-2010-1-001,2013,2010,3,153,142.875,dmp
270-2010-1-005,2019,2010,9,183,142.875,dmp
90-2008-0-037,2013,2008,5,230,143,ey
90-2008-0-055,2014,2008,6,220,142.75,ey
90-2009-0-054,2014,2009,5,182,142.875,ey
90-2012-0-326,2018,2012,6,202,142.875,ey
90-2013-0-274,2020,2013,7,214,143,ey
90-2013-0-273,2016,2013,3,193,142.75,ey
90-2014-0-460,2019,2014,5,193,142.75,ey
90-2018-0-851,2021,2018,3,190,143,ey
270-2007-1-007,2012,2007,5,215,143.25,dmp
270-2008-1-012,2013,2008,5,184,143.125,dmp
270-2008-1-012,2017,2008,9,173,143.125,dmp
270-2010-1-010,2012,2010,2,159,143.125,dmp
270-2011-1-246,2018,2011,7,158,143.125,dmp
270-2014-0-447,2018,2014,4,163,143.375,wy
90-2009-0-063,2014,2009,5,226,143.5,ey
90-2009-0-063,2015,2009,6,212,143.5,ey
90-2010-0-112,2016,2010,6,193,143.25,ey
270-2012-1-266,2020,2012,8,211,143.375,dmp
90-2012-0-329,2018,2012,6,195,143.375,ey
90-2012-0-349,2018,2012,6,181,143.375,ey
270-2016-1-632,2020,2016,4,170,143.375,dmp
90-2013-0-292,2019,2013,6,229,143.375,ey
270-2015-0-586,2021,2015,6,196,143.875,wy
90-2007-0-024,2012,2007,5,206,143.875,ey
90-2008-0-040,2016,2008,8,222,143.75,ey
90-2009-0-051,2013,2009,4,186,143.875,ey
90-2010-0-112,2018,2010,8,202,143.625,ey
90-2013-0-274,2018,2013,5,185,143.75,ey
90-2015-0-568,2019,2015,4,184,143.875,ey
270-2007-1-057,2013,2007,6,183,144.25,dmp
270-2010-1-019,2018,2010,8,180,144,dmp
270-2012-0-340,2016,2012,4,136,144,wy
270-2012-0-340,2018,2012,6,176,144.125,wy
90-2010-0-106,2015,2010,5,166,144,ey
270-2013-1-216,2018,2013,5,207,144.5,dmp
270-2016-1-642,2019,2016,3,142,144.625,dmp
90-2007-0-040,2012,2007,5,245,144.375,ey
90-2008-0-042,2012,2008,4,219,144.375,ey
90-2009-0-063,2016,2009,7,212,144.5,ey
90-2013-0-278,2021,2013,8,215,144.5,ey
270-2011-1-246,2017,2011,6,155,144.75,dmp
270-2011-1-333,2016,2011,5,202,144.75,dmp
270-2012-0-334,2016,2012,4,192,144.875,wy
270-2012-1-262,2016,2012,4,180,144.75,dmp
270-2012-1-266,2018,2012,6,225,145,dmp
90-2009-0-059,2016,2009,7,186,144.75,ey
90-2010-0-102,2018,2010,8,146,144.875,ey
270-2014-1-414,2020,2014,6,172,145,dmp
90-2016-0-672,2020,2016,4,198,144.75,ey
90-2015-0-566,2019,2015,4,229,144.875,ey
270-2007-1-056,2010,2007,3,198,145.125,dmp
270-2011-0-337,2016,2011,5,203,145.125,wy
270-2012-0-153,2016,2012,4,167,145.125,wy
270-2014-1-414,2021,2014,7,191,145.25,dmp
90-2009-0-054,2017,2009,8,158,145.25,ey
90-2009-0-067,2016,2009,7,214,145.125,ey
90-2011-0-354,2016,2011,5,190,145.25,ey
270-2012-0-341,2020,2012,8,196,145.125,wy
90-2014-0-456,2020,2014,6,223,145.375,ey
90-2014-0-472,2019,2014,5,206,145.25,ey
270-2007-1-057,2015,2007,8,162,145.75,dmp
270-2008-1-018,2018,2008,10,147,145.625,dmp
270-2010-1-019,2021,2010,11,169,145.625,dmp
270-2016-0-650,2021,2016,5,203,145.75,wy
90-2013-0-274,2021,2012,9,182,145.625,ey
90-2016-0-667,2021,2016,5,208,145.75,ey
270-2007-1-006,2017,2007,10,178,146,dmp
270-2010-1-027,2013,2010,3,186,146.125,dmp
270-2012-1-248,2019,2012,7,197,146,dmp
270-2013-1-239,2016,2013,3,134,146.125,dmp
90-2009-0-068,2018,2009,9,188,145.875,ey
90-2015-0-579,2021,2015,6,206,145.875,ey
270-2011-1-260,2016,2011,5,197,146.375,dmp
270-2012-0-341,2019,2012,7,203,146.625,wy
270-2014-0-449,2017,2014,3,171,146.5,wy
270-2016-0-651,2021,2016,5,160,146.5,wy
270-2016-1-632,2021,2016,5,180,146.625,dmp
90-2008-0-059,2013,2008,5,207,146.375,ey
90-2009-0-067,2018,2009,9,190,146.625,ey
90-2010-0-102,2015,2010,5,176,146.375,ey
90-2012-0-349,2017,2012,5,174,146.5,ey
90-2013-0-274,2019,2013,6,219,146.375,ey
90-2013-0-284,2019,2013,6,213,146.375,ey
90-2013-0-288,2018,2013,5,189,146.625,ey
90-2014-0-456,2019,2014,5,215,146.5,ey
90-2015-0-564,2021,2015,6,205,146.375,ey
270-2010-1-019,2019,2010,9,188,146.75,dmp
270-2011-1-261,2014,2011,3,185,146.75,dmp
270-2012-0-341,2018,2012,6,200,147,wy
270-2014-1-407,2018,2014,4,175,147,dmp
270-2015-1-508,2019,2015,4,166,147,dmp
90-2009-0-054,2016,2009,7,172,146.75,ey
90-2013-0-280,2017,2013,4,201,146.875,ey
270-2010-1-019,2020,2010,10,177,147,dmp
90-2015-0-568,2020,2015,5,203,146.75,ey
90-2014-0-466,2018,2014,4,159,147,ey
270-2011-1-215,2015,2011,4,168,147.125,dmp
270-2011-1-260,2017,2011,6,199,147.25,dmp
270-2011-1-333,2017,2011,6,237,147.125,dmp
270-2012-1-231,2014,2012,2,173,147.25,dmp
270-2012-1-236,2017,2012,5,193,147.25,dmp
270-2012-1-263,2017,2012,5,192,147.125,dmp
270-2013-0-261,2015,2013,2,144,147.125,wy
90-2008-0-034,2012,2008,4,210,147.375,ey
90-2009-0-053,2019,2009,10,180,147.375,ey
90-2009-0-060,2021,2009,12,191,147.25,ey
90-2011-0-354,2019,2011,8,223,147.375,ey
90-2011-0-360,2017,2011,6,177,147.375,ey
90-2012-0-349,2019,2012,7,201,147.25,ey
90-2013-0-283,2017,2013,4,201,147.125,ey
90-2013-0-284,2017,2013,4,165,147.25,ey
270-2009-1-010,2012,2009,3,184,147.5,dmp
270-2010-1-007,2015,2010,5,190,147.75,dmp
270-2012-1-248,2018,2012,6,171,147.625,dmp
270-2012-1-263,2018,2012,6,168,147.5,dmp
90-2009-0-056,2017,2009,8,187,147.625,ey
90-2009-0-067,2019,2009,10,190,147.5,ey
90-2013-0-284,2018,2013,5,163,147.75,ey
90-2014-0-458,2019,2014,5,206,147.5,ey
270-2009-1-023,2012,2009,3,168,148.125,dmp
270-2011-1-242,2016,2011,5,190,148.125,dmp
270-2012-1-207,2015,2012,3,168,148,dmp
270-2012-1-262,2017,2012,5,185,148,dmp
270-2015-0-583,2019,2015,4,177,148,wy
90-2010-0-112,2014,2010,4,198,147.875,ey
270-2012-1-236,2020,2012,8,192,148.125,dmp
270-2011-0-341,2020,2011,9,176,148.125,wy
270-2007-1-012,2015,2007,8,209,148.25,dmp
270-2011-0-340,2014,2011,3,174,148.375,wy
90-2009-0-053,2014,2009,5,199,148.25,ey
90-2009-0-059,2014,2009,5,204,148.375,ey
90-2011-0-354,2018,2011,7,252,148.25,ey
90-2012-0-325,2019,2012,7,234,148.375,ey
90-2013-0-288,2019,2013,6,203,148.375,ey
270-2010-1-009,2013,2010,3,167,148.75,dmp
270-2011-0-338,2014,2011,3,192,149,wy
270-2013-1-246,2015,2013,2,155,148.625,dmp
270-2013-1-252,2016,2013,3,150,148.75,dmp
90-2009-0-053,2015,2009,6,197,149,ey
90-2010-0-109,2015,2010,5,193,149,ey
90-2010-0-111,2013,2010,3,195,148.625,ey
90-2012-0-347,2019,2012,7,201,149,ey
90-2013-0-276,2016,2013,3,181,148.875,ey
270-2016-1-607,2020,2016,4,174,148.875,dmp
90-2010-0-106,2020,2010,10,200,148.625,ey
90-2016-0-658,2021,2016,5,222,148.875,ey
270-2007-1-006,2014,2007,7,217,149.125,dmp
90-2007-0-019,2015,2007,8,166,149.375,ey
90-2009-0-058,2017,2009,8,202,149.375,ey
90-2010-0-106,2016,2010,6,171,149.25,ey
90-2010-0-112,2019,2010,9,196,149.125,ey
90-2010-0-114,2014,2010,4,208,149.375,ey
90-2012-0-322,2016,2012,4,225,149.375,ey
90-2013-0-288,2021,2013,8,210,149.125,ey
90-2016-0-666,2020,2016,4,177,149.125,ey
90-2017-0-781,2020,2017,3,170,149.125,ey
270-2007-1-006,2016,2007,9,191,149.5,dmp
270-2008-1-014,2013,2008,5,213,149.625,dmp
270-2009-1-009,2013,2009,4,191,149.75,dmp
90-2012-0-347,2018,2012,6,204,149.625,ey
270-2012-1-263,2020,2012,8,220,149.5,dmp
90-2015-0-574,2021,2015,6,209,149.625,ey
90-2016-0-672,2021,2016,5,219,149.5,ey
270-2007-1-006,2012,2007,5,207,149.875,dmp
270-2010-1-003,2014,2010,4,200,150.125,dmp
270-2012-1-237,2017,2012,5,157,150.125,dmp
270-2013-0-267,2018,2013,5,185,149.875,wy
90-2010-0-101,2016,2010,6,190,150.125,ey
90-2014-0-467,2021,2014,7,192,150.125,ey
270-2007-1-066,2010,2007,3,164,150.5,dmp
270-2011-1-242,2015,2011,4,197,150.25,dmp
270-2012-1-263,2021,2012,9,206,150.25,dmp
270-2012-1-266,2019,2012,7,220,150.5,dmp
90-2008-0-040,2015,2008,7,223,150.5,ey
90-2012-0-347,2017,2012,5,191,150.5,ey
90-2012-0-349,2016,2012,4,166,150.25,ey
90-2014-0-472,2020,2014,6,231,150.375,ey
270-2010-1-005,2017,2010,7,173,150.875,dmp
270-2011-1-246,2019,2011,8,169,150.875,dmp
270-2012-1-229,2015,2012,3,175,150.625,dmp
270-2016-0-648,2021,2016,5,218,150.875,wy
90-2008-0-054,2014,2008,6,226,150.625,ey
270-2007-1-056,2011,2007,4,200,151.375,dmp
270-2009-1-021,2014,2009,5,203,151.375,dmp
270-2010-1-019,2015,2010,5,177,151.375,dmp
270-2011-1-269,2018,2011,7,173,151.25,dmp
270-2012-0-337,2017,2012,5,170,151.25,wy
90-2009-0-053,2017,2009,8,182,151.125,ey
90-2009-0-053,2018,2009,9,178,151.375,ey
90-2009-0-054,2015,2009,6,176,151.25,ey
90-2009-0-058,2018,2009,9,229,151,ey
90-2009-0-064,2013,2009,4,205,151,ey
90-2010-0-106,2019,2010,9,192,151,ey
90-2009-0-056,2020,2009,11,171,151.125,ey
270-2008-1-017,2011,2008,3,161,151.625,dmp
270-2012-1-262,2021,2012,9,193,151.625,dmp
90-2009-0-063,2018,2009,9,203,151.5,ey
90-2013-0-288,2020,2013,7,198,151.75,ey
270-2012-1-248,2017,2012,5,197,152.125,dmp
270-2013-0-260,2017,2013,4,169,151.875,wy
270-2013-1-210,2019,2013,6,171,152.125,dmp
90-2009-0-068,2015,2009,6,200,151.875,ey
90-2010-0-101,2019,2010,9,196,151.875,ey
90-2010-0-113,2013,2010,3,188,152.125,ey
270-2016-1-606,2020,2016,4,179,151.875,dmp
90-2014-0-475,2018,2014,4,195,151.875,ey
270-2011-0-336,2017,2011,6,210,152.25,wy
270-2011-0-337,2017,2011,6,207,152.25,wy
270-2012-1-236,2016,2012,4,185,152.375,dmp
270-2012-1-237,2016,2012,4,157,152.5,dmp
270-2014-0-444,2019,2014,5,183,152.25,wy
270-2014-0-449,2018,2014,4,212,152.5,wy
270-2014-1-411,2019,2014,5,182,152.375,dmp
270-2015-1-524,2021,2015,6,197,152.375,dmp
270-2018-1-815,2021,2018,3,157,152.25,dmp
90-2008-0-037,2016,2008,8,216,152.5,ey
90-2008-0-057,2015,2008,7,210,152.375,ey
90-2009-0-058,2014,2009,5,222,152.25,ey
90-2011-0-354,2017,2011,6,192,152.5,ey
90-2013-0-273,2017,2013,4,209,152.25,ey
90-2017-0-776,2021,2017,4,184,152.25,ey
90-2008-0-042,2014,2008,6,233,152.625,ey
90-2008-0-052,2017,2008,9,182,152.75,ey
90-2010-0-101,2015,2010,5,212,152.875,ey
270-2010-1-003,2015,2010,5,191,153.125,dmp
270-2012-0-153,2018,2012,6,179,153,wy
90-2008-0-037,2014,2008,6,238,153,ey
90-2011-0-359,2015,2011,4,176,153,ey
270-2014-0-444,2020,2014,6,184,153,wy
270-2009-1-010,2013,2009,4,194,153.5,dmp
270-2011-1-322,2014,2011,3,148,153.375,dmp
90-2009-0-058,2016,2009,7,219,153.625,ey
90-2012-0-329,2016,2012,4,199,153.375,ey
270-2015-0-586,2020,2015,5,196,153.5,wy
270-2009-1-009,2019,2009,10,190,154,dmp
270-2009-1-033,2013,2009,4,167,153.75,dmp
270-2012-0-344,2015,2012,3,167,154.125,wy
270-2012-1-277,2016,2012,4,191,154,dmp
270-2015-1-518,2021,2015,6,194,153.75,dmp
90-2008-0-033,2013,2008,5,194,154.125,ey
90-2011-0-360,2015,2011,4,175,154,ey
270-2008-1-014,2012,2008,4,186,154.375,dmp
270-2014-0-454,2018,2014,4,166,154.25,wy
90-2008-0-042,2016,2008,8,201,154.25,ey
90-2009-0-053,2016,2009,7,192,154.375,ey
90-2009-0-066,2014,2009,5,249,154.25,ey
90-2013-0-280,2020,2013,7,232,154.25,ey
270-2011-1-269,2015,2011,4,172,154.625,dmp
270-2015-0-553,2021,2015,6,203,154.75,wy
90-2008-0-034,2016,2008,8,208,154.625,ey
90-2008-0-052,2013,2008,5,219,154.875,ey
270-2016-1-622,2020,2016,4,161,154.625,dmp
270-2007-1-051,2010,2007,3,208,155,dmp
270-2008-1-013,2017,2008,9,148,155.25,dmp
270-2012-1-230,2015,2012,3,156,155.25,dmp
90-2010-0-113,2021,2010,11,204,155,ey
270-2009-1-024,2020,2009,11,174,155.25,dmp
270-2012-0-330,2016,2012,4,195,155.5,wy
270-2014-0-447,2019,2014,5,182,155.5,wy
90-2010-0-101,2018,2010,8,187,155.625,ey
90-2010-0-106,2017,2010,7,143,155.5,ey
90-2012-0-327,2018,2012,6,214,155.5,ey
90-2013-0-276,2018,2013,5,215,155.375,ey
90-2014-0-463,2019,2014,5,221,155.375,ey
270-2010-1-023,2020,2010,10,174,155.375,dmp
270-2017-1-719,2020,2017,3,150,155.5,dmp
270-2007-1-066,2011,2007,4,160,155.875,dmp
270-2013-0-260,2018,2013,5,172,156,wy
270-2013-1-202,2017,2013,4,191,155.875,dmp
270-2017-1-717,2021,2017,4,173,156,dmp
90-2008-0-037,2017,2008,9,207,155.75,ey
90-2012-0-329,2019,2012,7,227,156,ey
270-2012-1-237,2020,2012,8,187,156,dmp
90-2015-0-578,2019,2015,4,184,156,ey
90-2015-0-578,2021,2015,6,192,155.875,ey
270-2008-1-022,2012,2008,4,150,156.375,dmp
270-2009-1-024,2013,2009,4,183,156.25,dmp
270-2009-1-024,2019,2009,10,190,156.375,dmp
270-2012-0-334,2017,2012,5,202,156.125,wy
270-2012-1-236,2018,2012,6,196,156.125,dmp
270-2012-1-262,2018,2012,6,182,156.25,dmp
270-2012-1-278,2016,2012,4,168,156.25,dmp
270-2014-1-428,2018,2014,4,155,156.125,dmp
90-2008-0-041,2015,2008,7,NA,156.375,ey
90-2009-0-056,2014,2009,5,209,156.375,ey
90-2012-0-322,2017,2012,5,169,156.25,ey
270-2015-0-583,2020,2015,5,181,156.375,wy
270-2008-1-014,2015,2008,7,199,156.625,dmp
270-2010-1-021,2018,2010,8,204,156.625,dmp
270-2010-1-023,2018,2010,8,172,156.5,dmp
270-2012-1-277,2017,2012,5,200,156.75,dmp
90-2007-0-036,2011,2007,4,220,156.75,ey
90-2008-0-034,2013,2008,5,225,156.875,ey
90-2010-0-101,2017,2010,7,171,156.75,ey
90-2010-0-107,2016,2010,6,221,156.625,ey
270-2008-1-011,2012,2008,4,175,157,dmp
270-2009-1-024,2018,2009,9,169,157.25,dmp
270-2011-1-242,2019,2011,8,227,157.25,dmp
270-2012-0-153,2017,2012,5,175,157.25,wy
270-2012-1-277,2018,2012,6,203,157.25,dmp
270-2008-1-012,2014,2008,6,196,157.375,dmp
270-2008-1-014,2014,2008,6,213,157.625,dmp
270-2014-1-438,2019,2014,5,200,157.625,dmp
270-2016-1-615,2021,2016,5,190,157.375,dmp
90-2009-0-069,2013,2009,4,181,157.5,ey
90-2011-0-356,2018,2011,7,170,157.5,ey
270-2008-1-013,2012,2008,4,185,157.875,dmp
270-2010-1-005,2015,2010,5,180,157.75,dmp
270-2011-1-242,2021,2011,10,206,157.75,dmp
90-2010-0-106,2018,2010,8,197,157.75,ey
90-2013-0-280,2019,2013,6,237,157.875,ey
90-2014-0-464,2019,2014,5,234,158,ey
270-2015-0-558,2020,2015,5,190,157.75,wy
90-2016-0-662,2020,2016,4,192,157.75,ey
90-2013-0-284,2020,2013,7,209,158,ey
90-2007-0-040,2014,2007,7,263,158.25,ey
90-2012-0-346,2015,2012,3,184,158.375,ey
270-2016-0-676,2021,2016,5,189,158.625,wy
90-2014-0-466,2021,2014,7,162,158.5,ey
270-2007-1-006,2015,2007,8,204,159.125,dmp
270-2010-1-086,2016,2010,6,201,159.125,dmp
270-2011-1-242,2018,2011,7,206,159.25,dmp
270-2013-1-202,2016,2013,3,174,159.125,dmp
270-2013-1-204,2017,2013,4,137,159.125,dmp
270-2014-1-403,2019,2014,5,165,159.125,dmp
270-2014-1-403,2021,2014,7,161,158.875,dmp
90-2008-0-042,2015,2008,7,226,158.875,ey
90-2010-0-114,2017,2010,7,199,159,ey
90-2012-0-322,2018,2012,6,171,159,ey
90-2013-0-273,2021,2013,8,236,159.25,ey
90-2014-0-467,2019,2014,5,204,159.125,ey
90-2014-0-463,2020,2014,6,212,159.375,ey
270-2014-1-438,2020,2014,6,196,159.5,dmp
270-2010-1-086,2017,2010,7,211,160,dmp
270-2013-1-210,2021,2013,8,163,159.875,dmp
90-2008-0-052,2014,2008,6,220,160,ey
90-2010-0-107,2017,2010,7,180,159.875,ey
90-2010-0-114,2015,2010,5,202,160,ey
90-2011-0-356,2017,2011,6,191,160,ey
90-2011-0-359,2016,2011,5,180,160,ey
90-2011-0-359,2017,2011,6,179,159.75,ey
90-2012-0-322,2021,2012,9,173,159.75,ey
90-2014-0-458,2021,2014,7,234,159.875,ey
90-2013-0-280,2021,2013,8,229,160.125,ey
270-2012-0-153,2020,2012,8,171,160.125,wy
270-2012-1-229,2017,2012,5,198,160.5,dmp
270-2014-0-443,2018,2014,4,186,160.625,wy
90-2015-0-568,2021,2015,6,201,160.75,ey
270-2010-1-086,2020,2010,10,191,160.5,dmp
90-2016-0-666,2021,2016,5,198,160.625,ey
270-2009-1-020,2012,2009,3,154,161.125,dmp
270-2010-1-009,2021,2010,11,179,161,dmp
270-2012-0-342,2016,2012,4,169,160.875,wy
90-2011-0-356,2016,2011,5,204,161.125,ey
90-2012-0-346,2017,2012,5,192,161.125,ey
270-2016-1-642,2020,2016,4,145,161.125,dmp
270-2010-1-005,2016,2010,6,188,161.25,dmp
270-2012-1-278,2019,2012,7,186,161.25,dmp
270-2015-0-583,2021,2015,6,193,161.5,wy
90-2009-0-068,2016,2009,7,178,161.5,ey
90-2014-0-457,2018,2014,4,197,161.5,ey
270-2012-0-337,2016,2012,4,178,161.625,wy
90-2008-0-033,2018,2008,10,NA,161.875,ey
90-2008-0-052,2016,2008,8,190,162,ey
90-2009-0-056,2019,2009,10,182,162,ey
90-2009-0-063,2017,2009,8,187,162,ey
90-2013-0-280,2018,2013,5,239,161.75,ey
90-2014-0-466,2019,2014,5,188,161.75,ey
90-2014-0-467,2020,2014,6,206,161.875,ey
270-2010-1-023,2019,2010,9,179,162.25,dmp
270-2013-0-260,2021,2013,8,202,162.375,wy
90-2009-0-064,2014,2009,5,224,162.375,ey
90-2016-0-662,2021,2016,5,192,162.25,ey
90-2015-0-580,2020,2015,5,179,162.25,ey
270-2007-1-051,2011,2007,4,202,162.5,dmp
270-2012-1-278,2017,2012,5,179,162.75,dmp
270-2013-1-252,2017,2013,4,158,162.75,dmp
270-2014-0-446,2018,2014,4,174,162.5,wy
90-2010-0-101,2020,2010,10,183,162.625,ey
270-2015-1-508,2020,2015,5,179,162.5,dmp
270-2008-1-012,2015,2008,7,186,163,dmp
270-2009-1-010,2014,2009,5,203,162.875,dmp
270-2010-1-021,2014,2010,4,195,162.875,dmp
270-2011-1-295,2018,2011,7,185,162.875,dmp
270-2012-0-153,2021,2012,9,187,163,wy
270-2012-1-237,2019,2012,7,184,163.125,dmp
270-2014-0-449,2021,2014,7,208,162.875,wy
90-2011-0-368,2015,2011,4,172,162.875,ey
90-2017-0-786,2021,2017,4,186,163,ey
270-2007-1-056,2012,2007,5,209,163.25,dmp
270-2013-0-267,2019,2013,6,200,163.5,wy
270-2013-1-239,2019,2013,6,158,163.375,dmp
90-2009-0-056,2016,2009,7,193,163.375,ey
90-2015-0-580,2021,2015,6,194,163.375,ey
270-2010-1-001,2014,2010,4,186,163.875,dmp
270-2011-1-261,2015,2011,4,171,163.625,dmp
270-2013-1-231,2016,2013,3,157,163.75,dmp
90-2007-0-049,2017,2007,10,185,163.875,ey
90-2014-0-464,2018,2014,4,221,163.625,ey
270-2012-0-334,2020,2012,8,NA,163.625,wy
270-2007-1-051,2012,2007,5,206,164.25,dmp
270-2011-1-269,2016,2011,5,178,164,dmp
90-2009-0-062,2012,2009,3,186,164,ey
90-2011-0-360,2018,2011,7,178,164.25,ey
90-2011-0-360,2019,2011,8,190,164,ey
90-2013-0-283,2019,2013,6,244,164.125,ey
270-2009-1-024,2014,2009,5,208,164.5,dmp
270-2016-1-608,2021,2016,5,171,164.375,dmp
90-2009-0-060,2013,2009,4,214,164.625,ey
270-2009-1-009,2014,2009,5,198,165.125,dmp
270-2010-1-006,2014,2010,4,179,164.875,dmp
270-2010-1-086,2018,2010,8,212,165,dmp
90-2008-0-034,2014,2008,6,238,165.125,ey
90-2010-0-114,2016,2010,6,210,165,ey
90-2013-0-273,2020,2013,7,235,165,ey
270-2009-1-009,2017,2009,8,171,165.375,dmp
270-2010-1-010,2013,2010,3,170,165.5,dmp
270-2016-1-622,2021,2016,5,176,165.5,dmp
90-2012-0-328,2021,2012,9,197,165.375,ey
270-2014-0-443,2020,2014,6,200,165.375,wy
90-2012-0-322,2020,2012,8,175,165.5,ey
270-2010-1-003,2016,2010,6,187,165.625,dmp
270-2010-1-025,2017,2010,7,188,165.875,dmp
270-2016-1-606,2021,2016,5,189,165.625,dmp
90-2009-0-060,2018,2009,9,215,165.75,ey
270-2012-1-278,2020,2012,8,181,165.625,dmp
270-2008-1-019,2014,2008,6,205,166,dmp
270-2010-1-021,2019,2010,9,204,166.25,dmp
270-2011-1-268,2014,2011,3,174,166.125,dmp
270-2013-0-260,2019,2013,6,195,166.125,wy
270-2014-1-407,2019,2014,5,189,166,dmp
270-2016-1-643,2019,2016,3,159,166.25,dmp
90-2007-0-045,2014,2007,7,212,166,ey
90-2008-0-033,2017,2008,9,180,166.25,ey
90-2013-0-284,2021,2013,8,226,166,ey
90-2014-0-462,2018,2014,4,215,166.125,ey
270-2014-1-411,2020,2014,6,174,166.125,dmp
270-2011-1-269,2019,2011,8,187,166.375,dmp
270-2007-1-066,2013,2007,6,178,167.125,dmp
270-2008-1-012,2016,2008,8,NA,167,dmp
270-2012-0-330,2017,2012,5,178,166.875,wy
270-2012-1-229,2016,2012,4,237,166.875,dmp
90-2007-0-036,2016,2007,9,219,166.875,ey
90-2012-0-328,2020,2012,8,211,167,ey
270-2013-1-202,2020,2013,7,210,167,dmp
270-2014-1-403,2020,2014,6,174,167.125,dmp
270-2009-1-009,2020,2009,11,134,167.125,dmp
270-2015-0-582,2021,2015,6,213,167.5,wy
90-2007-0-045,2011,2007,4,202,167.5,ey
90-2013-0-276,2017,2013,4,190,167.5,ey
90-2014-0-466,2020,2014,6,175,167.25,ey
270-2009-1-024,2017,2009,8,176,167.625,dmp
270-2010-1-003,2018,2010,8,151,167.625,dmp
270-2010-1-023,2016,2010,6,162,167.875,dmp
270-2011-1-261,2018,2011,7,179,167.75,dmp
270-2012-0-337,2018,2012,6,173,167.75,wy
270-2012-0-337,2021,2012,9,192,167.875,wy
270-2015-1-508,2021,2015,6,186,167.875,dmp
270-2017-1-719,2021,2017,4,167,167.75,dmp
270-2011-1-261,2020,2011,9,177,167.75,dmp
270-2008-1-017,2012,2008,4,182,168.125,dmp
270-2009-1-023,2013,2009,4,188,168.125,dmp
270-2013-0-267,2021,2013,8,183,168.125,wy
270-2013-1-204,2018,2013,5,168,168.125,dmp
270-2008-1-013,2014,2008,6,187,168.5,dmp
270-2014-0-443,2019,2014,5,207,168.625,wy
90-2008-0-034,2015,2008,7,219,168.375,ey
270-2014-1-407,2020,2014,6,187,168.375,dmp
270-2011-1-295,2016,2011,5,176,168.75,dmp
270-2011-1-261,2017,2011,6,177,169.125,dmp
270-2012-1-278,2021,2012,9,187,169.25,dmp
270-2013-0-266,2019,2013,6,208,169.375,wy
270-2013-1-202,2018,2013,5,199,169.125,dmp
90-2012-0-319,2016,2012,4,180,169.25,ey
270-2008-1-018,2015,2008,7,182,169.875,dmp
270-2010-1-001,2018,2010,8,189,169.5,dmp
270-2010-1-023,2017,2010,7,173,169.75,dmp
90-2008-0-033,2014,2008,6,210,169.875,ey
90-2014-0-464,2020,2014,6,237,169.5,ey
270-2007-1-065,2011,2007,4,223,170,dmp
270-2007-1-065,2013,2007,6,232,170.125,dmp
270-2010-1-001,2019,2010,9,196,170.125,dmp
270-2012-1-231,2015,2012,3,191,170.125,dmp
270-2013-1-239,2018,2013,5,156,170,dmp
270-2018-1-832,2021,2018,3,154,170.25,dmp
90-2008-0-033,2016,2008,8,184,170,ey
90-2008-0-052,2015,2008,7,192,170,ey
90-2011-0-368,2016,2011,5,186,170,ey
270-2012-0-333,2016,2012,4,165,170.5,wy
270-2012-1-230,2016,2012,4,169,170.5,dmp
270-2016-0-677,2021,2016,5,169,170.625,wy
90-2009-0-060,2014,2009,5,218,170.375,ey
90-2010-0-111,2015,2010,5,215,170.5,ey
270-2007-1-051,2013,2007,6,217,171,dmp
270-2008-1-011,2013,2008,5,186,170.75,dmp
90-2007-0-036,2013,2007,6,246,171,ey
90-2009-0-056,2015,2009,6,196,170.875,ey
270-2012-0-344,2016,2012,4,192,171.125,wy
90-2011-0-360,2016,2011,5,181,171.125,ey
90-2011-0-368,2017,2011,6,170,171.25,ey
270-2009-1-009,2015,2009,6,175,171.625,dmp
270-2009-1-024,2016,2009,7,193,171.75,dmp
90-2009-0-062,2013,2009,4,215,171.75,ey
90-2010-0-108,2018,2010,8,232,171.75,ey
270-2014-0-454,2019,2014,5,191,172,wy
90-2009-0-060,2020,2009,11,222,172.125,ey
270-2010-1-021,2016,2010,6,197,172.375,dmp
270-2014-0-444,2021,2014,7,198,172.25,wy
90-2007-0-045,2013,2007,6,219,172.625,ey
90-2010-0-111,2016,2010,6,197,172.5,ey
270-2009-1-024,2015,2009,6,191,172.75,dmp
270-2010-1-021,2015,2010,5,199,172.75,dmp
270-2010-1-003,2017,2010,7,174,173.25,dmp
270-2010-1-009,2017,2010,7,174,173.125,dmp
270-2010-1-009,2018,2010,8,192,173.25,dmp
90-2007-0-049,2013,2007,6,223,173.125,ey
90-2012-0-319,2017,2012,5,183,173.375,ey
90-2017-0-781,2021,2017,4,187,173.125,ey
270-2012-1-207,2016,2012,4,183,173.75,dmp
270-2007-1-065,2012,2007,5,233,174.125,dmp
270-2008-1-008,2012,2008,4,178,173.875,dmp
270-2010-1-025,2019,2010,9,192,173.875,dmp
270-2013-1-239,2021,2013,8,163,174.125,dmp
270-2016-1-607,2021,2016,5,215,173.875,dmp
90-2008-0-033,2015,2008,7,190,173.875,ey
90-2009-0-069,2014,2009,5,193,173.875,ey
90-2014-0-464,2021,2014,7,231,174.5,ey
90-2010-0-108,2020,2010,10,203,174.375,ey
90-2007-0-045,2012,2007,5,213,174.875,ey
270-2014-0-454,2020,2014,6,196,174.625,wy
270-2013-1-239,2020,2013,7,164,174.625,dmp
270-2012-0-342,2017,2012,5,197,175.125,wy
270-2013-1-252,2021,2013,8,183,175.25,dmp
90-2009-0-060,2019,2009,10,209,175.125,ey
270-2012-0-337,2020,2012,8,194,175.25,wy
270-2008-1-018,2012,2008,4,196,175.625,dmp
270-2011-1-261,2016,2011,5,174,175.5,dmp
270-2014-1-407,2021,2014,7,167,175.75,dmp
90-2010-0-110,2013,2010,3,205,175.5,ey
90-2010-0-113,2014,2010,4,210,175.625,ey
270-2007-1-056,2013,2007,6,210,176.125,dmp
270-2007-1-066,2012,2007,5,214,176.375,dmp
270-2008-1-022,2016,2008,8,161,176.25,dmp
270-2010-1-010,2014,2010,4,197,176.375,dmp
270-2012-1-229,2018,2012,6,208,176.5,dmp
90-2009-0-060,2017,2009,8,207,176.375,ey
270-2012-0-337,2019,2012,7,195,176.75,wy
270-2008-1-008,2013,2008,5,178,177,dmp
90-2007-0-036,2014,2007,7,238,177.125,ey
270-2008-1-011,2014,2008,6,180,177.5,dmp
270-2008-1-013,2015,2008,7,191,177.625,dmp
270-2010-1-010,2019,2010,9,183,177.75,dmp
270-2014-1-411,2021,2014,7,184,177.5,dmp
90-2012-0-319,2018,2012,6,190,177.625,ey
270-2007-1-051,2017,2007,10,184,178.125,dmp
270-2007-1-066,2014,2007,7,187,178.125,dmp
270-2008-1-022,2013,2008,5,200,177.875,dmp
270-2012-0-333,2017,2012,5,180,177.875,wy
90-2009-0-066,2016,2009,7,227,177.875,ey
270-2008-1-018,2016,2008,8,190,178.25,dmp
270-2010-1-009,2019,2010,9,190,178.375,dmp
270-2008-1-017,2018,2008,10,174,178.875,dmp
270-2012-1-230,2017,2012,5,174,178.625,dmp
270-2012-1-230,2020,2012,8,181,178.875,dmp
270-2010-1-010,2020,2010,10,161,179,dmp
270-2010-1-025,2018,2010,8,182,179.375,dmp
270-2011-0-340,2015,2011,4,192,179.375,wy
90-2007-0-036,2012,2007,5,246,179.375,ey
270-2010-1-001,2017,2010,7,182,179.75,dmp
270-2008-1-022,2015,2008,7,185,180.5,dmp
270-2010-1-025,2016,2010,6,181,180.5,dmp
270-2012-1-207,2017,2012,5,187,180.5,dmp
270-2012-1-230,2018,2012,6,176,180.5,dmp
270-2016-1-642,2021,2016,5,131,180.125,dmp
90-2014-0-462,2019,2014,5,228,180.25,ey
270-2013-1-252,2020,2013,7,215,180.375,dmp
270-2008-1-013,2016,2008,8,146,180.875,dmp
270-2009-1-020,2013,2009,4,194,180.75,dmp
270-2007-1-051,2016,2007,9,213,181,dmp
270-2011-1-269,2017,2011,6,185,181.25,dmp
270-2012-0-342,2019,2012,7,191,181.125,wy
90-2009-0-069,2015,2009,6,182,181.375,ey
270-2013-1-204,2020,2013,7,199,181.75,dmp
270-2010-1-027,2014,2010,4,218,182.375,dmp
270-2012-1-230,2021,2012,9,188,182.25,dmp
90-2007-0-029,2011,2007,4,216,182.375,ey
90-2010-0-111,2017,2010,7,183,182.375,ey
90-2012-0-319,2021,2012,9,200,182.25,ey
270-2011-1-247,2014,2011,3,177,182.625,dmp
270-2012-1-229,2019,2012,7,220,182.625,dmp
270-2013-0-262,2016,2013,3,157,182.75,wy
270-2013-1-231,2017,2013,4,169,182.5,dmp
90-2009-0-066,2015,2009,6,227,182.75,ey
90-2010-0-113,2015,2010,5,213,182.75,ey
90-2014-0-462,2021,2014,7,225,182.625,ey
270-2011-1-322,2015,2011,4,159,183.25,dmp
270-2012-1-230,2019,2012,7,196,182.875,dmp
90-2007-0-029,2013,2007,6,232,183.25,ey
90-2007-0-036,2015,2007,8,230,183.125,ey
90-2012-0-346,2021,2012,9,215,182.875,ey
270-2012-0-344,2017,2012,5,175,183.625,wy
90-2011-0-368,2021,2011,10,172,183.375,ey
270-2013-1-246,2016,2013,3,187,183.875,dmp
270-2016-1-643,2020,2016,4,171,183.875,dmp
270-2010-1-006,2016,2010,6,186,184.5,dmp
270-2012-0-342,2021,2012,9,188,184.5,wy
270-2013-1-204,2019,2013,6,198,184.625,dmp
270-2008-1-011,2015,2008,7,175,185.125,dmp
270-2009-1-020,2014,2009,5,206,184.875,dmp
270-2009-1-023,2017,2009,8,178,185,dmp
270-2010-1-027,2015,2010,5,219,184.875,dmp
270-2012-0-342,2018,2012,6,177,185.125,wy
270-2013-1-231,2021,2013,8,198,184.875,dmp
90-2009-0-069,2019,2009,10,212,185.125,ey
270-2011-1-213,2017,2011,6,176,185.5,dmp
270-2011-1-213,2018,2011,7,189,185.75,dmp
90-2010-0-108,2017,2010,7,208,186,ey
90-2010-0-113,2020,2010,10,223,185.75,ey
270-2009-1-020,2016,2009,7,NA,186.125,dmp
270-2011-0-338,2015,2011,4,198,186.25,wy
270-2011-1-213,2019,2011,8,194,186.125,dmp
270-2008-1-017,2014,2008,6,196,186.75,dmp
270-2011-0-338,2017,2011,6,205,187.125,wy
270-2007-1-051,2014,2007,7,220,187.75,dmp
270-2009-1-023,2016,2009,7,184,187.75,dmp
270-2013-1-252,2019,2013,6,NA,187.75,dmp
90-2007-0-029,2014,2007,7,254,187.875,ey
90-2011-0-368,2018,2011,7,220,187.625,ey
270-2007-1-056,2016,2007,9,188,188,dmp
270-2011-0-340,2018,2011,7,190,188,wy
90-2009-0-060,2016,2009,7,216,188.25,ey
270-2011-1-213,2020,2011,9,178,188.125,dmp
270-2013-1-231,2018,2013,5,162,188.5,dmp
270-2007-1-056,2014,2007,7,216,189.125,dmp
270-2008-1-017,2013,2008,5,193,189.125,dmp
270-2011-1-213,2021,2011,10,193,189.125,dmp
90-2009-0-069,2016,2009,7,186,189.375,ey
90-2014-0-462,2020,2014,6,219,189.25,ey
270-2007-1-066,2015,2007,8,171,189.75,dmp
270-2010-1-021,2017,2010,7,198,189.875,dmp
90-2007-0-029,2012,2007,5,241,189.75,ey
90-2011-0-368,2020,2011,9,186,189.625,ey
270-2008-1-008,2014,2008,6,167,190,dmp
270-2010-1-087,2018,2010,8,211,190.25,dmp
270-2012-0-330,2020,2012,8,196,190.25,wy
270-2014-0-446,2019,2014,5,209,190.5,wy
270-2010-1-013,2018,2010,8,187,191.125,dmp
270-2016-1-643,2021,2016,5,184,190.75,dmp
270-2014-0-446,2020,2014,6,200,191,wy
270-2012-0-330,2019,2012,7,190,191.5,wy
90-2014-0-457,2020,2014,6,215,192,ey
270-2010-1-087,2016,2010,6,182,193,dmp
270-2008-1-017,2016,2008,8,186,193.125,dmp
270-2010-1-027,2017,2010,7,209,193.125,dmp
270-2010-1-027,2018,2010,8,225,193.25,dmp
270-2012-0-333,2018,2012,6,186,193.375,wy
90-2010-0-108,2014,2010,4,218,193.5,ey
90-2010-0-110,2014,2010,4,229,193.875,ey
90-2010-0-113,2017,2010,7,216,193.625,ey
270-2011-0-340,2017,2011,6,194,194.25,wy
270-2007-1-056,2015,2007,8,172,194.375,dmp
270-2012-1-231,2016,2012,4,215,195,dmp
90-2009-0-069,2020,2009,11,195,194.75,ey
270-2010-1-006,2018,2010,8,179,195.25,dmp
270-2010-1-087,2017,2010,7,227,195.125,dmp
270-2012-0-330,2018,2012,6,208,195.75,wy
270-2008-1-022,2014,2008,6,NA,195.875,dmp
90-2009-0-069,2017,2009,8,167,196,ey
90-2009-0-060,2015,2009,6,211,196.625,ey
270-2011-1-213,2016,2011,5,195,197.75,dmp
270-2008-1-017,2019,2008,11,182,198.125,dmp
270-2010-1-087,2019,2010,9,232,198.625,dmp
270-2012-0-344,2018,2012,6,200,198.625,wy
270-2009-1-020,2015,2009,6,196,199.125,dmp
270-2012-0-344,2021,2012,9,202,200.125,wy
270-2008-1-017,2015,2008,7,191,200.5,dmp
90-2010-0-113,2018,2010,8,197,200.375,ey
270-2012-0-342,2020,2012,8,184,200.5,wy
270-2011-1-322,2017,2011,6,162,201.625,dmp
270-2007-1-066,2016,2007,9,158,202.125,dmp
90-2010-0-108,2016,2010,6,216,203.25,ey
270-2010-1-010,2017,2010,7,184,204,dmp
270-2011-0-340,2016,2011,5,203,203.875,wy
270-2011-1-322,2018,2011,7,175,203.75,dmp
270-2010-1-013,2019,2010,9,NA,204.5,dmp
270-2012-0-344,2019,2012,7,209,205.375,wy
90-2010-0-110,2015,2010,5,227,205.625,ey
270-2013-1-231,2020,2013,7,195,205.75,dmp
270-2010-1-010,2015,2010,5,173,206.5,dmp
270-2010-1-010,2018,2010,8,184,206.75,dmp
270-2012-0-344,2020,2012,8,200,206.875,wy
270-2011-1-322,2016,2011,5,164,207.375,dmp
90-2012-0-346,2019,2012,7,227,207.375,ey
90-2010-0-110,2016,2010,6,226,207.875,ey
270-2011-0-338,2016,2011,5,197,208.125,wy
90-2010-0-110,2017,2010,7,202,208.125,ey
90-2010-0-113,2019,2010,9,222,208.625,ey
270-2012-0-333,2020,2012,8,NA,208.625,wy
90-2009-0-062,2016,2009,7,240,209.375,ey
270-2011-0-338,2018,2011,7,211,212.375,wy
270-2009-1-023,2015,2009,6,197,212.75,dmp
90-2010-0-113,2016,2010,6,226,215.875,ey
90-2009-0-062,2015,2009,6,224,216.75,ey
270-2013-1-246,2017,2013,4,195,218.25,dmp
270-2012-0-333,2019,2012,7,175,218.875,wy
270-2013-0-262,2019,2013,6,193,219.75,wy
270-2011-0-338,2019,2011,8,242,220.875,wy
270-2011-0-338,2020,2011,9,206,221,wy
270-2013-0-262,2018,2013,5,170,223,wy
90-2009-0-062,2017,2009,8,208,227.125,ey
270-2011-1-268,2016,2011,5,NA,227.75,dmp
90-2010-0-108,2015,2010,5,211,227.5,ey
270-2013-0-262,2017,2013,4,136,230.875,wy
270-2011-1-268,2017,2011,6,175,235.75,dmp
270-2013-0-262,2020,2013,7,174,237,wy
